code,description
010410,Sheep: live
010420,Goats: live
020410,"Meat: of sheep, lamb carcasses and half-carcasses, fresh or chilled"
020421,"Meat: of sheep, carcasses and half-carcasses (excluding carcasses and half-carcasses of lamb), fresh or chilled"
020422,"Meat: of sheep (including lamb), cuts with bone in (excluding carcasses and half-carcasses), fresh or chilled"
020423,"Meat: of sheep (including lamb), boneless cuts, fresh or chilled"
020430,"Meat: of sheep, lamb carcasses and half-carcasses, frozen"
020441,"Meat: of sheep, carcasses and half-carcasses (excluding carcasses and half-carcasses of lamb), frozen"
020442,"Meat: of sheep (including lamb), cuts with bone in (excluding carcasses and half-carcasses), frozen"
020443,"Meat: of sheep (including lamb), boneless cuts, frozen"
020450,"Meat: of goats, fresh, chilled or frozen"
020680,"Offal, edible: of sheep, goats, horses, asses, mules or hinnies, fresh or chilled"
020690,"Offal, edible: of sheep, goats, horses, asses, mules or hinnies, frozen"
021090,"Meat and edible meat offal, preserved: salted, in brine, dried or smoked, and edible flours and meals of meat or meat offal, n.e.s. in heading no. 0210"
040310,"Dairy produce: yoghurt, whether or not concentrated or containing added sugar or other sweetening matter or flavoured or containing added fruit or cocoa"
040390,"Dairy produce: buttermilk, curdled milk or cream, kephir, fermented or acidified milk or cream, whether or not concentrated or containing added sweetening, flavouring, fruit or cocoa (excluding yoghurt)"
050400,"Animal products: guts, bladders and stomachs of animals (other than fish), whole and pieces thereof"
120100,Soya beans: whether or not broken
120720,"Oil seeds: cotton seeds, whether or not broken"
120810,Flours and meals: of soya beans
120890,Flours and meals of oil seeds or oleaginous fruits: excluding soya beans and mustard seeds
140420,Vegetable products: cotton linters
150200,"Fats of bovine animals, sheep or goats: raw or rendered, whether or not pressed or solvent-extracted"
150510,"Animal fats and oils: wool grease, crude"
150590,Animal fats and oils: wool grease (other than crude) and fatty substances derived therefrom (including lanolin)
150710,"Vegetable oils: soya-bean oil and its fractions, crude, whether or not degummed, not chemically modified"
150790,"Vegetable oils: soya-bean oil and its fractions, other than crude, whether or not refined, but not chemically modified"
151221,"Vegetable oils: cotton-seed oil and its fractions: crude, whether or not gossypol has been removed, not chemically modified"
151229,"Vegetable oils: cotton-seed oil and its fractions, other than crude, whether or not refined, but not chemically modified"
151800,"Animal or vegetable fats and oils and their fractions: oxidised, boiled or otherwise chemically modified, (excluding those of heading no. 1516), inedible mixtures or preparations of fats or oils"
160100,"Meat preparations: sausages and similar products, of meat, meat offal or blood, and food preparations based on these products"
160290,"Meat preparations: of meat, meat offal or the blood of any animal, n.e.s. in heading no. 1602"
170410,"Sugar confectionery: chewing gum, whether or not sugar-coated, not containing cocoa"
170490,"Sugar confectionery: (excluding chewing gum, including white chocolate), not containing cocoa"
180100,"Cocoa beans: whole or broken, raw or roasted"
180200,"Cocoa: shells, husks, skins and other cocoa waste"
180310,"Cocoa: paste, not defatted"
180320,"Cocoa: paste, wholly or partly defatted"
180400,"Cocoa: butter, fat and oil"
180500,"Cocoa: powder, not containing added sugar or other sweetening matter"
180610,"Cocoa: powder, containing added sugar or other sweetening matter"
180620,"Chocolate & other food preparations containing cocoa: in blocks, slabs or bars weighing more than 2kg or in liquid, paste, powder, granular or other bulk form in containers or immediate packings, content exceeding 2kg"
180631,"Chocolate and other food preparations containing cocoa: in blocks, slabs or bars, filled, weighing 2kg or less"
180632,"Chocolate and other food preparations containing cocoa: in blocks, slabs or bars, (not filled), weighing 2kg or less"
180690,Chocolate and other food preparations containing cocoa: n.e.s. in chapter 18
190510,"Food preparations: crispbread, whether or not containing cocoa"
190520,"Food preparations: gingerbread and the like, whether or not containing cocoa"
190530,"Food preparations: sweet biscuits, waffles and wafers, whether or not containing cocoa"
190540,"Food preparations: rusks, toasted bread and similar toasted products, whether or not containing cocoa"
190590,"Food preparations: bakers' wares n.e.s. in heading no. 1605, whether or not containing cocoa: communion wafers, empty cachets suitable for pharmaceutical use, sealing wafers, rice papers and similar products"
210310,Sauces: soya
210500,Ice cream and other edible ice: whether or not containing cocoa
230110,"Flours, meals and pellets: of meat or meat offal, greaves"
230400,"Oil-cake and other solid residues: whether or not ground or in the form of pellets, resulting from the extraction of soya-bean oil"
230610,"Oil-cake and other solid residues: whether or not ground or in the form of pellets, resulting from the extraction of cotton seed oils"
230910,"Dog or cat food: put up for retail sale, used in animal feeding"
230990,"Dog or cat food: (not put up for retail sale), used in animal feeding"
251010,"Natural calcium phosphates, natural aluminium calcium phosphates and phosphatic chalk: unground"
251020,"Natural calcium phosphates, natural aluminium calcium phosphates and phosphatic chalk: ground"
251321,"Emery, corundum, garnet and other abrasives: natural, crude or in irregular pieces, whether or not heat-treated"
251329,"Emery, corundum, garnet and other abrasives: natural, in other forms excluding crude or in irregular pieces, whether or not heat-treated"
252330,"Cement: aluminous (""ciment fondu""), whether or not coloured or in the form of clinkers"
260400,Nickel ores and concentrates
260600,Aluminium ores and concentrates
262040,"Ash and residues: (not from the manufacture of iron or steel), containing mainly aluminium"
281810,Aluminium oxide: artificial corundum
281820,Aluminium oxide: other than artificial corundum
281830,Aluminium hydroxide
282540,Nickel oxides and hydroxides
282612,Fluorides: of aluminium
282619,Fluorides: other than of ammonium or sodium or aluminium
282630,Sodium hexafluoroaluminate (synthetic cryolite)
282690,"Fluorides: fluorosilicates, fluoroaluminates and other complex fluorine salts, n.e.s. in heading no. 2826"
282732,Chlorides: of aluminium
282735,Chlorides: of nickel
283322,Sulphates: of aluminium
283324,Sulphates: of nickel
284110,Salts: aluminates
292320,Lecithins and other phosphoaminolipids
381511,"Catalysts, supported: reaction initiators, reaction accelerators and catalytic preparations, with nickel or nickel compounds as the active substance, n.e.s. or included"
381519,"Catalysts, supported: reaction initiators, reaction accelerators and catalytic preparations, with an active substance other than nickel or precious metals or their compounds, n.e.s. or included"
410210,"Skins: raw, of sheep or lambs, fresh, or salted, dried, limed, pickled or otherwise preserved, (but not tanned, parchment-dressed or further prepared), with wool on"
410221,"Skins: raw, of sheep or lambs, pickled (but not tanned, parchment-dressed or further preserved), without wool on"
410229,"Skins: raw, of sheep or lambs, fresh or salted, dried, limed or otherwise preserved other than by pickling, (but not tanned, parchment-dressed or further preserved), without wool on"
410511,"Leather: of sheep or lamb, without wool on, tanned or retanned (but not further prepared), vegetable pre-tanned, whether or not split, excluding leather of heading no. 4108 and 4109"
410512,"Leather: of sheep or lamb, without wool on, tanned or retanned (but not further prepared), pre-tanned (not vegetable pre-tanned), whether or not split, excluding leather of heading no. 4108 and 4109"
410519,"Leather: of sheep or lamb, without wool on, tanned or retanned (but not further prepared), whether or not split, n.e.s. in heading no. 4105 (not pre-tanned), excluding leather of heading no. 4108 and 4109"
410520,"Leather: of sheep or lamb, without wool on, parchment-dressed or prepared after tanning, excluding leather of heading no. 4108 and 4109"
430130,"Furskins: raw, of Astrakhan, Broadtail, Caracul, Persian and similar lamb, Indian, Chinese, Mongolian or Tibetan lamb, whole, with or without head, tail or paws"
430213,"Furskins: tanned or dressed, Astrakhan, Broadtail, Caracul, Persian and similar lamb, Indian, Chinese, Mongolian or Tibetan lamb, whole, with or without head, tail or paws, not assembled"
430219,"Furskins: tanned or dressed, whole, with or without head, tail or paws, not assembled, n.e.s. in heading no. 4302, excluding goods or heading no. 4303"
440500,Wood: wood wool and wood flour
470610,Pulp: cotton linters pulp
470691,"Pulp: of fibrous cellulosic material (other than wood or cotton linters pulp), mechanical"
470692,"Pulp: of fibrous cellulosic material (other than wood or cotton linters pulp), chemical"
470693,"Pulp: of fibrous cellulosic material (other than wood or cotton linters pulp), semi-chemical"
510111,"Wool: (not carded or combed), greasy (including fleece-washed wool), shorn"
510119,"Wool: (other than shorn), greasy (including fleece-washed wool), not carded or combed"
510121,"Wool: (not carded or combed), degreased, (not carbonised), shorn"
510129,"Wool: (not carded or combed), degreased, (not carbonised), (other than shorn)"
510130,"Wool: (not carded or combed), carbonised"
510210,"Hair: fine animal hair, not carded or combed"
510310,"Wool and hair: noils of wool or of fine animal hair, including yarn waste, but excluding garnetted stock"
510320,"Wool and hair: waste of wool or of fine animal hair, including yarn waste, but excluding garnetted stock and noils of wool or of fine animal hair"
510330,"Wool and hair: waste of coarse animal hair, including yarn waste, but excluding garnetted stock"
510400,Wool and hair: garnetted stock of wool or of fine or coarse animal hair
510510,Wool: carded
510521,"Wool: wool tops and other combed wool, in fragments"
510529,"Wool: wool tops and other combed wool, other than in fragments"
510610,"Yarn: of carded wool, containing 85% or more by weight of wool, not put up for retail sale"
510620,"Yarn: of carded wool, containing less than 85% by weight of wool, not put up for retail sale"
510710,"Yarn: of combed wool, containing 85% or more by weight of wool, not put up for retail sale"
510720,"Yarn: of combed wool, containing less than 85% by weight of wool, not put up for retail sale"
510910,"Yarn: of wool or of fine animal hair, containing 85% or more by weight of wool or fine animal hair, put up for retail sale"
510990,"Yarn: of wool or of fine animal hair, containing less than 85% by weight of wool or fine animal hair, put up for retail sale"
511111,"Fabrics, woven: of carded wool or of carded fine animal hair, containing 85% or more by weight of wool or of fine animal hair, of a weight not exceeding 300g/m2"
511119,"Fabrics, woven: of carded wool or of carded fine animal hair, containing 85% or more by weight of wool or of fine animal hair, of a weight exceeding 300g/m2"
511120,"Fabrics, woven: of carded wool or carded fine animal hair, containing less than 85% by weight of wool or fine animal hair, mixed mainly or solely with man-made filaments"
511130,"Fabrics, woven: of carded wool or carded fine animal hair, containing less than 85% by weight of wool or fine animal hair, mixed mainly or solely with man-made staple fibres"
511190,"Fabrics, woven: of carded wool or carded fine animal hair, containing less than 85% by weight of wool or fine animal hair, mixed mainly or solely with fibres n.e.s. in heading no. 5111"
511211,"Fabrics, woven: of combed wool or combed fine animal hair, containing 85% or more by weight of wool or fine animal hair, of a weight not exceeding 200g/m2"
511219,"Fabrics, woven: of combed wool or combed fine animal hair, containing 85% or more by weight of wool or fine animal hair, of a weight exceeding 200g/m2"
511220,"Fabrics, woven: of combed wool or combed fine animal hair, containing less than 85% by weight of wool or fine animal hair, mixed mainly or solely with man-made filaments"
511230,"Fabrics, woven: of combed wool or combed fine animal hair, containing less than 85% by weight of wool or fine animal hair, mixed mainly or solely with man-made staple fibres"
511290,"Fabrics, woven: of combed wool or combed fine animal hair, containing less than 85% by weight of wool or fine animal hair, mixed mainly or solely with fibres n.e.s. in heading no. 5112"
520100,Cotton: not carded or combed
520210,Cotton: yarn waste (including thread waste)
520291,Cotton: garnetted stock waste
520299,Cotton: waste other than garnetted stock and yarn (including thread) waste
520300,Cotton: carded or combed
520411,"Cotton: sewing thread, containing 85% or more by weight of cotton, not put up for retail sale"
520419,"Cotton: sewing thread, containing less than 85% by weight of cotton, not put up for retail sale"
520420,"Cotton: sewing thread, put up for retail sale"
520511,"Cotton yarn: (not sewing thread), single, of uncombed fibres, 85% or more by weight of cotton, measuring 714.29 decitex or more, (not exceeding 14 metric number), not for retail sale"
520512,"Cotton yarn: (not sewing thread), single, of uncombed fibres, 85% or more by weight of cotton, less than 714.29 but not less than 232.56 decitex (exceeding 14 but not exceeding 43 metric number), not for retail sale"
520513,"Cotton yarn: (not sewing thread), single, of uncombed fibres, 85% or more by weight of cotton, less than 232.56 but not less than 192.31 decitex (exceeding 43 but not exceeding 52 metric number), not for retail sale"
520514,"Cotton yarn: (not sewing thread), single, of uncombed fibres, 85% or more by weight of cotton, less than 192.31 but not less than 125 decitex (exceeding 52 but not exceeding 80 metric number), not for retail sale"
520515,"Cotton yarn: (not sewing thread), single, of uncombed fibres, 85% or more by weight of cotton, measuring less than 125 decitex (exceeding 80 metric number), not for retail sale"
520521,"Cotton yarn: (not sewing thread), single, of combed fibres, 85% or more by weight of cotton, measuring 714.29 decitex or more, (not exceeding 14 metric number), not for retail sale"
520522,"Cotton yarn: (not sewing thread), single, of combed fibres, 85% or more by weight of cotton, less than 714.29 but not less than 232.56 decitex (exceeding 14 but not exceeding 43 metric number), not for retail sale"
520523,"Cotton yarn: (not sewing thread), single, of combed fibres, 85% or more by weight of cotton, less than 232.56 but not less than 192.31 decitex (exceeding 43 but not exceeding 52 metric number), not for retail sale"
520524,"Cotton yarn: (not sewing thread), single, of combed fibres, 85% or more by weight of cotton, less than 192.31 but not less than 125 decitex (exceeding 52 but not exceeding 80 metric number), not for retail sale"
520525,"Cotton yarn: (not sewing thread), single, of combed fibres, 85% or more by weight of cotton, measuring less than 125 decitex (exceeding 80 metric number), not for retail sale"
520531,"Cotton yarn: (not sewing thread), multiple or cabled, of uncombed fibres, 85% or more by weight of cotton, 714.29 decitex or more (not exceeding 14 metric number) per single yarn, not for retail sale"
520532,"Cotton yarn: (not sewing thread), multiple or cabled, of uncombed fibres, 85% or more by weight of cotton, 714.28 to 232.56 decitex (15 to 43 metric number) per single yarn, not for retail sale"
520533,"Cotton yarn: (not sewing thread), multiple or cabled, of uncombed fibres, 85% or more by weight of cotton, 232.55 to 192.31 decitex (44 to 52 metric number) per single yarn, not for retail sale"
520534,"Cotton yarn: (not sewing thread), multiple or cabled, of uncombed fibres, 85% or more by weight of cotton, 192.30 to 125 decitex (53 to 80 metric number) per single yarn, not for retail sale"
520535,"Cotton yarn: (not sewing thread), multiple or cabled, of uncombed fibres, 85% or more by weight of cotton, less than 125 decitex (exceeding 80 metric number), per single yarn, not for retail sale"
520541,"Cotton yarn: (not sewing thread), multiple or cabled, of combed fibres, 85% or more by weight of cotton, 714.29 decitex or more (not exceeding 14 metric number) per single yarn, not for retail sale"
520542,"Cotton yarn: (not sewing thread), multiple or cabled, of combed fibres, 85% or more by weight of cotton, 714.28 to 232.56 decitex (15 to 43 metric number) per single yarn, not for retail sale"
520543,"Cotton yarn: (not sewing thread), multiple or cabled, of combed fibres, 85% or more by weight of cotton, 232.55 to 192.31 decitex (44 to 52 metric number) per single yarn, not for retail sale"
520544,"Cotton yarn: (not sewing thread), multiple or cabled, of combed fibres, 85% or more by weight of cotton, 192.30 to 125 decitex (53 to 80 metric number) per single yarn, not for retail sale"
520545,"Cotton yarn: (not sewing thread), multiple or cabled, of combed fibres, 85% or more by weight of cotton, less than 125 decitex (exceeding 80 metric number), per single yarn, not for retail sale"
520611,"Cotton yarn: (not sewing thread), single, of uncombed fibres, less than 85% by weight of cotton, measuring 714.29 decitex or more (not exceeding 14 metric number), not for retail sale"
520612,"Cotton yarn: (not sewing thread), single, of uncombed fibres, less than 85% by weight of cotton, less than 714.29 but not less than 232.56 decitex (exceeding 14 but not exceeding 43 metric number), not for retail sale"
520613,"Cotton yarn: (not sewing thread), single, of uncombed fibres, less than 85% by weight of cotton, less than 232.56 but not less than 192.31 decitex (exceeding 43 but not exceeding 52 metric number), not for retail sale"
520614,"Cotton yarn: (not sewing thread), single, of uncombed fibres, less than 85% by weight of cotton, less than 192.31 but not less than 125 decitex (exceeding 52 but not exceeding 80 metric number), not for retail sale"
520615,"Cotton yarn: (not sewing thread), single, of uncombed fibres, less than 85% by weight of cotton, measuring less than 125 decitex (exceeding 80 metric number), not for retail sale"
520621,"Cotton yarn: (not sewing thread), single, of combed fibres, less than 85% by weight of cotton, measuring 714.29 decitex or more, (not exceeding 14 metric number), not for retail sale"
520622,"Cotton yarn: (not sewing thread), single, of combed fibres, less than 85% by weight of cotton, less than 714.29 but not less than 232.56 decitex (exceeding 14 but not exceeding 43 metric number), not for retail sale"
520623,"Cotton yarn: (not sewing thread), single, of combed fibres, less than 85% by weight of cotton, less than 232.56 but not less than 192.31 decitex (exceeding 43 but not exceeding 52 metric number), not for retail sale"
520624,"Cotton yarn: (not sewing thread), single, of combed fibres, less than 85% by weight of cotton, less than 192.31 but not less than 125 decitex (exceeding 52 but not exceeding 80 metric number), not for retail sale"
520625,"Cotton yarn: (not sewing thread), single, of combed fibres, less than 85% by weight of cotton, measuring less than 125 decitex (exceeding 80 metric number), not for retail sale"
520631,"Cotton yarn: (not sewing thread), multiple or cabled, of uncombed fibres, less than 85% by weight of cotton, 714.29 decitex or more (not exceeding 14 metric number) per single yarn, not for retail sale"
520632,"Cotton yarn: (not sewing thread), multiple or cabled, of uncombed fibres, less than 85% by weight of cotton, 714.28 to 232.56 decitex (15 to 43 metric number) per single yarn, not for retail sale"
520633,"Cotton yarn: (not sewing thread), multiple or cabled, of uncombed fibres, less than 85% by weight of cotton, 232.55 to 192.31 decitex (44 to 52 metric number) per single yarn, not for retail sale"
520634,"Cotton yarn: (not sewing thread), multiple or cabled, of uncombed fibres, less than 85% by weight of cotton, 192.30 to 125 decitex (53 to 80 metric number) per single yarn, not for retail sale"
520635,"Cotton yarn: (not sewing thread), multiple or cabled, of uncombed fibres, less than 85% by weight of cotton, less than 125 decitex (exceeding 80 metric number) per single yarn, not for retail sale"
520641,"Cotton yarn: (not sewing thread), multiple or cabled, of combed fibres, less than 85% by weight of cotton, 714.29 decitex or more (not exceeding 14 metric number) per single yarn, not for retail sale"
520642,"Cotton yarn: (not sewing thread), multiple or cabled, of combed fibres, less than 85% by weight of cotton, 714.28 to 232.56 decitex (15 to 43 metric number) per single yarn, not for retail sale"
520643,"Cotton yarn: (not sewing thread), multiple or cabled, of combed fibres, less than 85% by weight of cotton, 232.55 to 192.31 decitex (44 to 52 metric number) per single yarn, not for retail sale"
520644,"Cotton yarn: (not sewing thread), multiple or cabled, of combed fibres, less than 85% by weight of cotton, 192.30 to 125 decitex (53 to 80 metric number) per single yarn, not for retail sale"
520645,"Cotton yarn: (not sewing thread), multiple or cabled, of combed fibres, less than 85% by weight of cotton, less than 125 decitex (exceeding 80 metric number) per single yarn, not for retail sale"
520710,"Cotton yarn: (not sewing thread), containing 85% or more by weight of cotton, put up for retail sale"
520790,"Cotton yarn: (not sewing thread), containing less than 85% by weight of cotton, put up for retail sale"
520811,"Fabrics, woven: containing 85% or more by weight of cotton, unbleached, plain weave, weighing not more than 100g/m2"
520812,"Fabrics, woven: containing 85% or more by weight of cotton, unbleached, plain weave, weighing more than 100g/m2 but not more than 200g/m2"
520813,"Fabrics, woven: containing 85% or more by weight of cotton, unbleached, 3-thread or 4-thread twill, including cross twill, weighing not more than 200g/m2"
520819,"Fabrics, woven: containing 85% or more by weight of cotton, unbleached, of weaves n.e.s. in item no. 5208.1, weighing not more than 200g/m2"
520821,"Fabrics, woven: containing 85% or more by weight of cotton, bleached, plain weave, weighing not more than 100g/m2"
520822,"Fabrics, woven: containing 85% or more by weight of cotton, bleached, plain weave, weighing more than 100g/m2 but not more than 200g/m2"
520823,"Fabrics, woven: containing 85% or more by weight of cotton, bleached, 3-thread or 4-thread twill, including cross twill, weighing not more than 200g/m2"
520829,"Fabrics, woven: containing 85% or more by weight of cotton, bleached, of weaves n.e.s. in item no. 5208.2, weighing not more than 200g/m2"
520831,"Fabrics, woven: containing 85% or more by weight of cotton, dyed, plain weave, weighing not more than 100g/m2"
520832,"Fabrics, woven: containing 85% or more by weight of cotton, dyed, plain weave, weighing more than 100g/m2 but not more than 200g/m2"
520833,"Fabrics, woven: containing 85% or more by weight of cotton, dyed, 3-thread or 4-thread twill, including cross twill, weighing not more than 200g/m2"
520839,"Fabrics, woven: containing 85% or more by weight of cotton, dyed, of weaves n.e.s. in item no. 5208.3 weighing not more than 200g/m2"
520841,"Fabrics, woven: containing 85% or more by weight of cotton, of yarns of different colours, plain weave, weighing not more than 100g/m2"
520842,"Fabrics, woven: containing 85% or more by weight of cotton, of yarns of different colours, weighing more than 100g/m2 but not more than 200g/m2"
520843,"Fabrics, woven: containing 85% or more by weight of cotton, of yarns of different colours, 3-thread or 4-thread twill, including cross twill, weighing not more than 200g/m2"
520849,"Fabrics, woven: containing 85% or more by weight of cotton, of yarns of different colours, of weaves n.e.s. in item no. 5208.4, weighing not more than 200g/m2"
520851,"Fabrics, woven: containing 85% or more by weight of cotton, printed, plain weave, weighing not more than 100g/m2"
520852,"Fabrics, woven: containing 85% or more by weight of cotton, printed, plain weave, weighing more than 100g/m2 but not more than 200g/m2"
520853,"Fabrics, woven: containing 85% or more by weight of cotton, printed, 3-thread or 4-thread twill, including cross twill, weighing not more than 200g/m2"
520859,"Fabrics, woven: containing 85% or more by weight of cotton, printed, of weaves n.e.s. in item no. 5208.5, weighing not more than 200g/m2"
520911,"Fabrics, woven: containing 85% or more by weight of cotton, unbleached, plain weave, weighing more than 200g/m2"
520912,"Fabrics, woven: containing 85% or more by weight of cotton, unbleached, 3-thread or 4-thread twill, including cross twill, weighing more than 200g/m2"
520919,"Fabrics, woven: containing 85% or more by weight of cotton, unbleached, of weaves n.e.s. in item no. 5209.1, weighing more than 200g/m2"
520921,"Fabrics, woven: containing 85% or more by weight of cotton, bleached, plain weave, weighing more than 200g/m2"
520922,"Fabrics, woven: containing 85% or more by weight of cotton, bleached, 3-thread or 4-thread twill, including cross twill, weighing more than 200g/m2"
520929,"Fabrics, woven: containing 85% or more by weight of cotton, bleached, of weaves n.e.s. in item no. 5209.2, weighing more than 200g/m2"
520931,"Fabrics, woven: containing 85% or more by weight of cotton, dyed, plain weave, weighing more than 200g/m2"
520932,"Fabrics, woven: containing 85% or more by weight of cotton, dyed, 3-thread or 4-thread twill, including cross twill, weighing more than 200g/m2"
520939,"Fabrics, woven: containing 85% or more by weight of cotton, dyed, of weaves n.e.s. in item no. 5209.3, weighing more than 200g/m2"
520941,"Fabrics, woven: containing 85% or more by weight of cotton, of yarns of different colours, plain weave, weighing more than 200g/m2"
520942,"Fabrics, woven: containing 85% or more by weight of cotton, of yarns of different colours, weighing more than 200g/m2, denim"
520943,"Fabrics, woven: containing 85% or more by weight of cotton, of yarns of different colours, 3-thread or 4-thread twill, including cross twill, weighing more than 200g/m2"
520949,"Fabrics, woven: containing 85% or more by weight of cotton, of yarns of different colours, of weaves n.e.s. in item no. 5209.4, weighing more than 200g/m2"
520951,"Fabrics, woven: containing 85% or more by weight of cotton, printed, plain weave, weighing more than 200g/m2"
520952,"Fabrics, woven: containing 85% or more by weight of cotton, printed, 3-thread or 4-thread twill, including cross twill, weighing more than 200g/m2"
520959,"Fabrics, woven: containing 85% or more by weight of cotton, printed, of weaves n.e.s. in item no. 5209.5, weighing more than 200g/m2"
521011,"Fabrics, woven: containing less than 85% by weight of cotton, mixed mainly or solely with man-made fibres, unbleached, plain weave, weighing 200g/m2 or less"
521012,"Fabrics, woven: containing less than 85% by weight of cotton, mixed mainly or solely with man-made fibres, unbleached, 3-thread or 4-thread twill, including cross twill, weighing 200g/m2 or less"
521019,"Fabrics, woven: containing less than 85% by weight of cotton, mixed mainly or solely with man-made fibres, unbleached, of weaves n.e.s. in item no. 5210.1, weighing 200g/m2 or less"
521021,"Fabrics, woven: containing less than 85% by weight of cotton, mixed mainly or solely with man-made fibres, bleached, plain weave, weighing 200g/m2 or less"
521022,"Fabrics, woven: containing less than 85% by weight of cotton, mixed mainly or solely with man-made fibres, bleached, 3-thread or 4-thread twill, including cross twill, weighing 200g/m2 or less"
521029,"Fabrics, woven: containing less than 85% by weight of cotton, mixed mainly or solely with man-made fibres, weighing 200g/m2 or less, bleached, of weaves n.e.s. in item no. 5210.2"
521031,"Fabrics, woven: containing less than 85% by weight of cotton, mixed mainly or solely with man-made fibres, weighing 200g/m2 or less, dyed, plain weave"
521032,"Fabrics, woven: containing less than 85% by weight of cotton, mixed mainly or solely with man-made fibres, weighing 200g/m2 or less, dyed, 3-thread or 4-thread twill, including cross twill"
521039,"Fabrics, woven: containing less than 85% by weight of cotton, mixed mainly or solely with man-made fibres, weighing 200g/m2 or less, dyed, of weaves n.e.s. in item no. 5210.3"
521041,"Fabrics, woven: containing less than 85% by weight of cotton, mixed mainly or solely with man-made fibres, weighing 200g/m2 or less, of yarns of different colours, plain weave"
521042,"Fabrics, woven: containing less than 85% by weight of cotton, mixed mainly or solely with man-made fibres, weighing 200g/m2 or less, of yarns of different colours, 3-thread or 4-thread twill, including cross twill"
521049,"Fabrics, woven: containing less than 85% by weight of cotton, mixed mainly or solely with man-made fibres, weighing 200g/m2 or less, of yarns of different colours, of weaves n.e.s. in item no. 5210.4"
521051,"Fabrics, woven: containing less than 85% by weight of cotton, mixed mainly or solely with man-made fibres, weighing 200g/m2 or less, printed, plain weave"
521052,"Fabrics, woven: containing less than 85% by weight of cotton, mixed mainly of solely with man-made fibres, weighing 200g/m2 or less, printed, 3-thread or 4-thread twill, including cross twill"
521059,"Fabrics, woven: containing less than 85% by weight of cotton, mixed mainly or solely with man-made fibres, weighing 200g/m2 or less, printed, of weaves n.e.s. in item no. 5210.5"
521111,"Fabrics, woven: containing less than 85% by weight of cotton, mixed mainly or solely with man-made fibres, unbleached, plain weave, weighing more than 200g/m2"
521112,"Fabrics, woven: containing less than 85% by weight of cotton, mixed mainly or solely with man-made fibres, unbleached, 3- or 4-thread twill, including cross twill, weighing more than 200g/m2"
521119,"Fabrics, woven: containing less than 85% by weight of cotton, mixed mainly or solely with man-made fibres, unbleached, of weaves n.e.s. in item no. 5211.1, weighing more than 200g/m2"
521121,"Fabrics, woven: containing less than 85% by weight of cotton, mixed mainly or solely with man-made fibres, weighing more than 200g/m2, bleached, plain weave"
521122,"Fabrics, woven: containing less than 85% by weight of cotton, mixed mainly or solely with man-made fibres, weighing more than 200g/m2, bleached, 3-thread or 4-thread twill, including cross twill"
521129,"Fabrics, woven: containing less than 85% by weight of cotton, mixed mainly or solely with man-made fibres, weighing more than 200g/m2, bleached, of weaves n.e.s. in item no. 5211.2"
521131,"Fabrics, woven: containing less than 85% by weight of cotton, mixed mainly or solely with man-made fibres, weighing more than 200g/m2, dyed, plain weave"
521132,"Fabrics, woven: containing less than 85% by weight of cotton, mixed mainly or solely with man-made fibres, weighing more than 200g/m2, dyed, 3-thread or 4-thread twill, including cross twill"
521139,"Fabrics, woven: containing less than 85% by weight of cotton, mixed mainly or solely with man-made fibres, weighing more than 200g/m2, dyed, of weaves n.e.s. in item no. 5211.3"
521141,"Fabrics, woven: containing less than 85% by weight of cotton, mixed mainly or solely with man-made fibres, weighing more than 200g/m2, of yarns of different colours, plain weave"
521142,"Fabrics, woven: containing less than 85% by weight of cotton, mixed mainly or solely with man-made fibres, weighing more than 200g/m2, of yarns of different colours, denim"
521143,"Fabrics, woven: containing less than 85% by weight of cotton, mixed mainly or solely with man-made fibres, weighing more than 200g/m2, of yarns of different colours, 3-thread or 4-thread twill, including cross twill"
521149,"Fabrics, woven: containing less than 85% by weight of cotton, mixed mainly or solely with man-made fibres, weighing more than 200g/m2, of yarns of different colours, of weaves n.e.s. in item no. 5211.4"
521151,"Fabrics, woven: containing less than 85% by weight of cotton, mixed mainly or solely with man-made fibres, weighing more than 200g/m2, printed, plain weave"
521152,"Fabrics, woven: containing less than 85% by weight of cotton, mixed mainly or solely with man-made fibres, weighing more than 200g/m2, printed, 3-thread or 4-thread twill, including cross twill"
521159,"Fabrics, woven: containing less than 85% by weight of cotton, mixed mainly or solely with man-made fibres, weighing more than 200g/m2, printed, of weaves n.e.s. in item no. 5211.5"
521211,"Fabrics, woven: of cotton, unbleached, weighing not more than 200g/m2, n.e.s. in chapter 52"
521212,"Fabrics, woven: of cotton, bleached, weighing not more than 200g/m2, n.e.s. in chapter 52"
521213,"Fabrics, woven: of cotton, dyed, weighing not more than 200g/m2, n.e.s. in chapter 52"
521214,"Fabrics, woven: of cotton, of yarns of different colours, weighing not more than 200g/m2, n.e.s. in chapter 52"
521215,"Fabrics, woven: of cotton, printed, weighing not more than 200g/m2, n.e.s. in chapter 52"
521221,"Fabrics, woven: of cotton, unbleached, weighing more than  200g/m2, n.e.s. in chapter 52"
521222,"Fabrics, woven: of cotton, bleached, weighing more than 200g/m2, n.e.s. in chapter 52"
521223,"Fabrics, woven: of cotton, dyed, weighing more than 200g/m2, n.e.s. in chapter 52"
521224,"Fabrics, woven: of cotton, of yarns of different colours, weighing more than 200g/m2, n.e.s. in chapter 52"
521225,"Fabrics, woven: of cotton, printed, weighing more than 200g/m2, n.e.s. in chapter 52"
540781,"Fabrics, woven: of synthetic filament yarn, containing less than 85% by weight of synthetic filaments, mixed mainly or solely with cotton, bleached or unbleached"
540782,"Fabrics, woven: of synthetic filament yarn, containing less than 85% by weight of synthetic filaments, mixed mainly or solely with cotton, dyed"
540783,"Fabrics, woven: of synthetic filament yarn, containing less than 85% by weight of synthetic filaments, mixed mainly or solely with cotton, of yarns of different colours"
550952,"Yarn: (not sewing thread), of polyester staple fibres, mixed mainly or solely with wool or fine animal hair, not put up for retail sale"
550953,"Yarn: (not sewing thread), of polyester staple fibres, mixed mainly or solely with cotton, not put up for retail sale"
550961,"Yarn: (not sewing thread), of acrylic or modacrylic staple fibres, mixed mainly or solely with wool or fine animal hair, not put up for retail sale"
550962,"Yarn: (not sewing thread), of acrylic or modacrylic staple fibres, mixed mainly or solely with cotton, not put up for retail sale"
550991,"Yarn: (not sewing thread), of synthetic staple fibres, mixed mainly or solely with wool or fine animal hair, n.e.s. in heading no. 5509, not put up for retail sale"
550992,"Yarn: (not sewing thread), of synthetic staple fibres, mixed mainly or solely with cotton, n.e.s. in heading no. 5509, not put up for retail sale"
550999,"Yarn: (not sewing thread), of synthetic staple fibres, mixed mainly or solely with fibres (other than wool, fine animal hair or cotton), n.e.s. in heading no. 5509, not put up for retail sale"
551020,"Yarn: (not sewing thread), of artificial staple fibres, mixed mainly or solely with wool or fine animal hair, not put up for retail sale"
551030,"Yarn: (not sewing thread), of artificial staple fibres, mixed mainly or solely with cotton, not put up for retail sale"
551090,"Yarn: (not sewing thread), of artificial staple fibres, mixed mainly or solely with fibres (other than wool, fine animal hair or cotton), not put up for retail sale"
551311,"Fabrics, woven: plain weave, of polyester staple fibres, containing less than 85% by weight of such fibres, mixed mainly or solely with cotton, of a weight not exceeding 170g/m2, unbleached or bleached"
551312,"Fabrics, woven: 3-thread or 4-thread twill, of polyester staple fibres, containing less than 85% by weight of such, mixed mainly or solely with cotton, not exceeding 170g/m2, unbleached or bleached"
551313,"Fabrics, woven: of polyester staple fibres, containing less than 85% by weight of such fibres, mixed mainly or solely with cotton, not exceeding 170g/m2, unbleached or bleached"
551319,"Fabrics, woven: containing less than 85% by weight of synthetic staple fibres (other than polyesters), mixed mainly or solely with cotton, not exceeding 170g/m2, unbleached or bleached"
551321,"Fabrics, woven: plain weave, dyed, containing less than 85% by weight of polyester staple fibres, mixed mainly or solely with cotton, not exceeding 170g/m2"
551322,"Fabrics, woven: 3- or 4-thread twill, including cross twill, dyed, containing less than 85% by weight of polyester staple fibres, mixed mainly or solely with cotton, not exceeding 170g/m2"
551323,"Fabrics, woven: dyed, containing less than 85% by weight of polyester staple fibres, mixed mainly or solely with cotton, not exceeding 170g/m2"
551329,"Fabrics, woven: dyed, containing less than 85% by weight of synthetic staple fibres (other than polyesters), mixed mainly or solely with cotton, not exceeding 170g/m2"
551331,"Fabrics, woven: plain weave, of yarns of different colours, containing less than 85% by weight of polyester staple fibres, mixed mainly or solely with cotton, not exceeding 170g/m2"
551332,"Fabrics, woven: 3- or 4-thread twill, including cross twill, of yarns of different colours, less than 85% by weight of polyester staple fibres, mixed mainly or solely with cotton, not exceeding 170g/m2"
551333,"Fabrics, woven: of yarns of different colours, containing less than 85% by weight of polyester staple fibres, mixed mainly or solely with cotton, not exceeding 170g/m2, n.e.s. in heading no. 5513"
551339,"Fabrics, woven: of yarns of different colours, containing less than 85% of synthetic staple fibres (other than polyesters), mixed mainly or solely with cotton, not exceeding 170g/m2"
551341,"Fabrics, woven: plain weave, printed, of polyester staple fibres, containing less than 85% by weight of such fibres, mixed mainly or solely with cotton, not exceeding 170g/m2"
551342,"Fabrics, woven: 3- or 4-thread twill, including cross twill, printed, containing less than 85% by weight of polyester staple fibres, mixed mainly or solely with cotton, not exceeding 170g/m2"
551343,"Fabrics, woven: printed, containing less than 85% by weight of polyester staple fibres, mixed mainly or solely with cotton, not exceeding 170g/m2, n.e.s. in heading no. 5513"
551349,"Fabrics, woven: printed, containing less than 85% by weight of synthetic staple fibres (other than polyesters), mixed mainly or solely with cotton, not exceeding 170g/m2"
551411,"Fabrics, woven: plain weave, unbleached or bleached, containing less than 85% by weight of polyester staple fibres, mixed mainly or solely with cotton, exceeding 170g/m2"
551412,"Fabrics, woven: 3- or 4-thread twill, including cross twill, unbleached or bleached, containing less than 85% by weight of polyester staple fibres, mixed mainly or solely with cotton, over 170g/m2"
551413,"Fabrics, woven: unbleached or bleached, containing less than 85% by weight of polyester staple fibres, mixed mainly or solely with cotton, exceeding 170g/m2, n.e.s. in heading no. 5514"
551419,"Fabrics, woven: unbleached or bleached, containing less than 85% by weight of synthetic staple fibres (other than polyesters), mixed mainly or solely with cotton, exceeding 170g/m2"
551421,"Fabrics, woven: plain weave, dyed, containing less than 85% by weight of polyester staple fibres, mixed mainly or solely with cotton, exceeding 170g/m2"
551422,"Fabrics, woven: 3- or 4-thread twill, including cross twill, dyed, containing less than 85% by weight of polyester staple fibres, mixed mainly or solely with cotton, exceeding 170g/m2"
551423,"Fabrics, woven: dyed, containing less than 85% by weight of polyester staple fibres, mixed mainly or solely with cotton, exceeding 170g/m2, n.e.s. in  heading no. 5514"
551429,"Fabrics, woven: dyed, containing less than 85% by weight of synthetic staple fibres (other than polyesters), mixed mainly or solely with cotton, exceeding 170g/m2"
551431,"Fabrics, woven: plain weave, of yarns of different colours, containing less than 85% by weight of polyester staple fibres, mixed mainly or solely with cotton, exceeding 170g/m2"
551432,"Fabrics, woven: 3- or 4-thread twill, including cross twill, of yarns of different colours, containing less than 85% by weight of polyester staple fibres, mixed mainly or solely with cotton, exceeding 170g/m2"
551433,"Fabrics, woven: of yarns of different colours, of polyester staple fibres, containing less than 85% by weight of such, mixed mainly or solely with cotton, over 170g/m2, n.e.s. in heading no. 5514"
551439,"Fabrics, woven: of yarns of different colours, containing less than 85% by weight of synthetic staple fibres (other than polyesters), mixed mainly or solely with cotton, exceeding 170g/m2"
551441,"Fabrics, woven: plain weave, printed, containing less than 85% by weight of polyester staple fibres, mixed mainly or solely with cotton, exceeding 170g/m2"
551442,"Fabrics, woven: 3- or 4-thread twill, including cross twill, printed, containing less than 85% by weight of polyester staple fibres, mixed mainly or solely with cotton, exceeding 170g/m2"
551443,"Fabrics, woven: printed, containing less than 85% by weight of polyester staple fibres, mixed mainly or solely with cotton, weight exceeding 170g/m2, n.e.s. in heading no. 5514"
551449,"Fabrics, woven: printed, containing less than 85% by weight of synthetic staple fibres (other than polyesters), mixed mainly or solely with cotton, exceeding 170g/m2"
551513,"Fabrics, woven: of polyester staple fibres n.e.s. in chapter 55, mixed mainly or solely with wool or fine animal hair"
551522,"Fabrics, woven: of acrylic or modacrylic staple fibres n.e.s. in chapter 55, mixed mainly or solely with wool or fine animal hair"
551592,"Fabrics, woven: of synthetic staple fibres n.e.s. in chapter 55, mixed mainly or solely with wool or fine animal hair"
551631,"Fabrics, woven: unbleached or bleached, containing less than 85% by weight of artificial staple fibres, mixed mainly or solely with wool or fine animal hair"
551632,"Fabrics, woven: dyed, containing less than 85% by weight of artificial staple fibres, mixed mainly or solely with wool or fine animal hair"
551633,"Fabrics, woven: of yarns of different colours, containing less than 85% by weight of artificial staple fibres, mixed mainly or solely with wool or fine animal hair"
551634,"Fabrics, woven: printed, containing less than 85% by weight of artificial staple fibres, mixed mainly or solely with wool or fine animal hair"
551641,"Fabrics, woven: unbleached or bleached, containing less than 85% by weight of artificial staple fibres, mixed mainly or solely with cotton"
551642,"Fabrics, woven: dyed, containing less than 85% by weight of artificial staple fibres, mixed mainly or solely with cotton"
551643,"Fabrics, woven: of yarns of different colours, containing less than 85% by weight of artificial staple fibres, mixed mainly or solely with cotton"
551644,"Fabrics, woven: printed, containing less than 85% by weight of artificial staple fibres, mixed mainly or solely with cotton"
560121,"Wadding: other articles thereof, of cotton"
560129,"Wadding: other articles thereof, other than of cotton or man-made fibres"
560221,"Felt: of wool or fine animal hair (excluding needleloom felt or stitch-bonded fibre fabrics), not impregnated, coated, covered nor laminated"
560229,"Felt: of textile materials other than wool or fine animal hair (excluding needleloom felt and stitch-bonded fibre fabrics), not impregnated, coated, covered or laminated"
570110,"Carpets and other textile floor coverings: knotted, of wool or fine animal hair, whether or not made up"
570190,"Carpets and other textile floor coverings: knotted, of textile materials (other than wool or fine animal hair), whether or not made up"
570231,"Carpets and other textile floor coverings: woven, (not tufted or flocked), of wool or fine animal hair, of pile construction, not made up, n.e.s. in item no. 5702.10 or 5702.20"
570232,"Carpets and other textile floor coverings: woven, (not tufted or flocked), of man-made textile materials, of pile construction, not made up, n.e.s. in item no. 5702.10 or 5702.20"
570239,"Carpets and other textile floor coverings: woven, (not tufted or flocked), of textile materials (other than man-made, wool or fine animal hair), of pile construction, not made up, n.e.s. in item no. 5702.10 or 5702.20"
570241,"Carpets and other textile floor coverings: woven, (not tufted or flocked), of wool or fine animal hair, of pile construction, made up, n.e.s. in item no. 5702.10 or 5702.20"
570242,"Carpets and other textile floor coverings: woven, (not tufted or flocked), of man-made textile materials, of pile construction, made up, n.e.s. in item no. 5702.10 or 5702.20"
570249,"Carpets and other textile floor coverings: woven, (not tufted or flocked), of textile materials (other than man-made, wool or fine animal hair), of pile construction, made up, n.e.s. in item no. 5702.10 or 5702.20"
570251,"Carpets and other textile floor coverings: woven, (not tufted or flocked), of wool or fine animal hair, not of pile construction, not made up, n.e.s. in item no. 5702.10 or 5702.20"
570259,"Carpets and other textile floor coverings: woven, (not tufted or flocked), of textile materials (other than man-made or wool or fine animal hair), not of pile construction, not made up, n.e.s. in item no. 5702.10 or 5702.20"
570291,"Carpets and other textile floor coverings: woven, (not tufted or flocked), of wool or fine animal hair, (not of pile construction), made up, n.e.s. in item no. 5702.10 or 5702.20"
570299,"Carpets and other textile floor coverings: woven, (not tufted or flocked), of textile materials (other than man-made or wool or fine animal hair, not of pile construction), made up, n.e.s. in item no. 5702.10 or 5702.20"
570310,"Carpets and other textile floor coverings: tufted, of wool or fine animal hair, whether or not made up"
570320,"Carpets and other textile floor coverings: tufted, of nylon or other polyamides, whether or not made up"
570330,"Carpets and other textile floor coverings: tufted, of man-made textile materials (other than polyamides), whether or not made up"
570390,"Carpets and other textile floor coverings: tufted, of textile materials (other than man-made, wool or fine animal hair), whether or not made up"
580110,"Fabrics: woven pile, of wool or fine animal hair, other than fabrics of heading no. 5802 or 5806"
580121,"Fabrics: woven pile, of cotton, uncut weft pile fabrics, other than fabrics of heading no. 5802 or 5806"
580122,"Fabrics: woven pile, of cotton, cut corduroy, other than fabrics of heading no. 5802 or 5806"
580123,"Fabrics: woven pile, of cotton, weft pile fabrics other than uncut and corduroy, other than fabrics of heading no. 5802 or 5806"
580124,"Fabrics: woven pile, of cotton, warp pile fabrics, epingle (uncut), other than fabrics of heading no. 5802 or 5806"
580125,"Fabrics: woven pile, of cotton, warp pile fabrics, cut, other than fabrics of heading no. 5802 or 5806"
580126,"Fabrics: chenille, of cotton, other than fabrics of heading no. 5802 or 5806"
580211,"Fabrics: terry towelling and similar woven terry fabrics, of cotton, unbleached, excluding narrow fabrics of heading no. 5806"
580219,"Fabrics: terry towelling and similar woven terry fabrics, of cotton, bleached, excluding narrow fabrics of heading no. 5806"
580220,"Fabrics: terry towelling and similar woven terry fabrics, of textile materials, excluding cotton, excluding narrow fabrics of heading no. 5806"
580310,"Gauze: of cotton, other than narrow fabrics of heading no. 5806"
580390,"Gauze: of textile materials other than cotton, (excluding narrow fabrics of heading no. 5806)"
580631,"Fabrics: narrow woven fabrics, n.e.s. in heading no. 5806, of cotton (excluding goods of heading no. 5807)"
581091,"Embroidery: with visible ground, of cotton, in the piece, in strips or in motifs"
581099,"Embroidery: with visible ground, of textile materials (other than cotton and man-made fibres), in the piece, in strips or in motifs"
600121,"Fabrics: looped pile fabrics, of cotton, knitted or crocheted"
600129,"Fabrics: looped pile fabrics, of textile materials (other than cotton or man-made fibres), knitted or crocheted"
600191,"Fabrics: pile fabrics (excluding ""long pile"" and loop pile), of cotton, knitted or crocheted"
600199,"Fabrics: pile fabrics (excluding ""long pile"" and loop pile), of textile materials (other than cotton or man-made fibres), knitted or crocheted"
600220,"Fabrics: knitted or crocheted (excluding pile fabrics), 30cm or less wide"
600241,"Fabrics: warp knit, (including those made on galloon knitting machines, excluding pile fabrics), of wool or fine animal hair"
600242,"Fabrics: warp knit, (including those made on galloon knitting machines, excluding pile fabrics), of cotton"
600291,"Fabrics: knitted or crocheted (excluding pile fabrics and warp knit), of wool or fine animal hair"
600292,"Fabrics: knitted or crocheted (excluding pile fabrics and warp knit), of cotton"
610110,"Coats: men's or boys' overcoats, car-coats, capes, anoraks, wind-jackets and similar articles, of wool or fine animal hair, knitted or crocheted (excluding those of heading no. 6103)"
610120,"Coats: men's or boys' overcoats, car-coats, capes, anoraks, wind-jackets and similar articles, of cotton, knitted or crocheted (excluding those of heading no. 6103)"
610210,"Coats: women's or girls' overcoats, car-coats, capes, anoraks, wind-jackets and similar articles, of wool or fine animal hair, knitted or crocheted (excluding those of heading no. 6104)"
610220,"Coats: women's or girls' overcoats, car-coats, capes, anoraks, wind-jackets and similar articles, of cotton, knitted or crocheted (excluding those of heading no. 6104)"
610311,"Suits: men's or boys', of wool or fine animal hair, knitted or crocheted"
610319,"Suits: men's or boys', of textile materials (other than wool, fine animal hair or synthetic fibres), knitted or crocheted"
610321,"Ensembles: men's or boys', of wool or fine animal hair, knitted or crocheted"
610322,"Ensembles: men's or boys', of cotton, knitted or crocheted"
610329,"Ensembles: men's or boys', of textile materials (other than wool or fine animal hair, cotton or synthetic fibres), knitted or crocheted"
610331,"Jackets and blazers: men's or boys', of wool or fine animal hair, knitted or crocheted"
610332,"Jackets and blazers: men's or boys', of cotton, knitted or crocheted"
610339,"Jackets and blazers: men's or boys', of textile materials (other than wool or fine animal hair, cotton or synthetic fibres), knitted or crocheted"
610341,"Trousers, bib and brace overalls, breeches and shorts: men's or boys', of wool or fine animal hair, knitted or crocheted"
610342,"Trousers, bib and brace overalls, breeches and shorts: men's or boys', of cotton, knitted or crocheted"
610349,"Trousers, bib and brace overalls, breeches and shorts: men's or boys', of textile materials (other than wool or fine animal hair, cotton or synthetic fibres), knitted or crocheted"
610411,"Suits: women's or girls', of wool or fine animal hair, knitted or crocheted"
610412,"Suits: women's or girls', of cotton, knitted or crocheted"
610419,"Suits: women's or girls', of textile materials (other than wool or fine animal hair, cotton or synthetic fibres), knitted or crocheted"
610421,"Ensembles: women's or girls', of wool or fine animal hair, knitted or crocheted"
610422,"Ensembles: women's or girls', of cotton, knitted or crocheted"
610429,"Ensembles: women's or girls', of textile materials (other than wool or fine animal hair, cotton or synthetic fibres), knitted or crocheted"
610431,"Jackets: women's or girls', of wool or fine animal hair, knitted or crocheted"
610432,"Jackets: women's or girls', of cotton, knitted or crocheted"
610439,"Jackets: women's or girls', of textile materials (other than wool or fine animal hair, cotton or synthetic fibres), knitted or crocheted"
610441,"Dresses: women's or girls', of wool or fine animal hair, knitted or crocheted"
610442,"Dresses: women's or girls', of cotton, knitted or crocheted"
610449,"Dresses: women's or girls', of textile materials (other than wool or fine animal hair, cotton, synthetic or artificial fibres), knitted or crocheted"
610451,"Skirts and divided skirts: women's or girls', of wool or fine animal hair, knitted or crocheted"
610452,"Skirts and divided skirts: women's or girls', of cotton, knitted or crocheted"
610459,"Skirts and divided skirts: women's or girls', of textile materials (other than wool or fine animal hair, cotton or synthetic fibres), knitted or crocheted"
610461,"Trousers, bib and brace overalls, breeches and shorts: women's or girls', of wool or fine animal hair, knitted or crocheted"
610462,"Trousers, bib and brace overalls, breeches and shorts: women's or girls', of cotton, knitted or crocheted"
610469,"Trousers, bib and brace overalls, breeches and shorts: women's or girls', of textile materials (other than wool or fine animal hair, cotton or synthetic fibres), knitted or crocheted"
610510,"Shirts: men's or boys', of cotton, knitted or crocheted"
610590,"Shirts: men's or boys', of textile materials (other than cotton or man-made fibres), knitted or crocheted"
610610,"Blouses, shirts and shirt-blouses: women's or girls', of cotton, knitted or crocheted"
610690,"Blouses, shirts and shirt-blouses: women's or girls', of textile materials (other than cotton or man-made fibres), knitted or crocheted"
610711,"Underpants and briefs: men's or boys', of cotton, knitted or crocheted"
610719,"Underpants and briefs: men's or boys', of textile materials (other than cotton or man-made fibres), knitted or crocheted"
610721,"Nightshirts and pyjamas: men's or boys', of cotton, knitted or crocheted"
610729,"Nightshirts and pyjamas: men's or boys', of textile materials (other than cotton or man-made fibres), knitted or crocheted"
610791,"Bathrobes, dressing gowns and similar articles: men's or boys', of cotton, knitted or crocheted"
610799,"Bathrobes, dressing gowns and similar articles: men's or boys', of textile materials (other than cotton or man-made fibres), knitted or crocheted"
610821,"Briefs and panties: women's or girls', of cotton, knitted or crocheted"
610829,"Briefs and panties: women's or girls', of textile materials (other than cotton or man-made fibres), knitted or crocheted"
610831,"Nightdresses and pyjamas: women's or girls', of cotton, knitted or crocheted"
610839,"Nightdresses and pyjamas: women's or girls', of textile materials (other than cotton or man-made fibres), knitted or crocheted"
610891,"Negligees, bathrobes, dressing gowns and similar articles: women's or girls', of cotton, knitted or crocheted"
610899,"Negligees, bathrobes, dressing gowns and similar articles: women's or girls', of textile materials (other than cotton or man-made fibres), knitted or crocheted"
610910,"T-shirts, singlets and other vests: of cotton, knitted or crocheted"
610990,"T-shirts, singlets and other vests: of textile materials (other than cotton), knitted or crocheted"
611010,"Jerseys, pullovers, cardigans, waistcoats and similar articles: of wool or fine animal hair, knitted or crocheted"
611020,"Jerseys, pullovers, cardigans, waistcoats and similar articles: of cotton, knitted or crocheted"
611090,"Jerseys, pullovers, cardigans, waistcoats and similar articles: of textile materials (other than wool or fine animal hair, cotton or man-made fibres), knitted or crocheted"
611110,"Garments and clothing accessories: babies', of wool or fine animal hair, knitted or crocheted"
611120,"Garments and clothing accessories: babies', of cotton, knitted or crocheted"
611190,"Garments and clothing accessories: babies', of textile materials (other than wool or fine animal hair, cotton or synthetic fibres), knitted or crocheted"
611211,"Track suits: of cotton, knitted or crocheted"
611219,"Track suits: of textile materials (other than cotton or synthetic fibres), knitted or crocheted"
611410,"Garments: of wool or fine animal hair, knitted or crocheted, n.e.s. in chapter 61"
611420,"Garments: of cotton, knitted or crocheted, n.e.s. in chapter 61"
611490,"Garments: of textile materials (other than wool or fine animal hair, cotton or man-made fibres), knitted or crocheted, n.e.s. in chapter 61"
611591,"Hosiery and footwear: without applied soles, of wool or fine animal hair, knitted or crocheted (excluding tights, women's full or knee-length hosiery measuring per single yarn less than 67 decitex)"
611592,"Hosiery and footwear: without applied soles, of cotton, knitted or crocheted (excluding panty hose, tights, full or knee-length hosiery measuring per single yarn less than 67 decitex)"
611691,"Gloves, mittens and mitts: of wool or fine animal hair, knitted or crocheted, (other than impregnated, coated or covered with plastics or rubber)"
611692,"Gloves, mittens and mitts: of cotton, knitted or crocheted, (other than impregnated, coated or covered with plastics or rubber)"
611699,"Gloves, mittens and mitts: of textile materials (other than wool or fine animal hair, cotton or synthetic fibres), knitted or crocheted, (other than impregnated, coated or covered with plastics or rubber)"
620111,"Coats: men's or boys', overcoats, raincoats, car-coats, capes, cloaks and similar articles, of wool or fine animal hair, other than those of heading no. 6203 (not knitted or crocheted)"
620112,"Coats: men's or boys', overcoats, raincoats, car-coats, capes, cloaks and similar articles, of cotton, other than those of heading no. 6203 (not knitted or crocheted)"
620119,"Coats: men's or boys', overcoats, raincoats, car-coats, capes, cloaks and similar articles, of textile materials (other than wool or fine animal hair, cotton or man-made fibres), other than those of heading no. 6203 (not knitted or crocheted)"
620191,"Anoraks (including ski-jackets), wind-cheaters, wind-jackets and similar articles: men's or boys', of wool or fine animal hair, other than those of heading no. 6203 (not knitted or crocheted)"
620192,"Anoraks (including ski-jackets), wind-cheaters, wind-jackets and similar articles: men's or boys', of cotton, other than those of heading no. 6203 (not knitted or crocheted)"
620199,"Anoraks (including ski-jackets), wind-cheaters, wind-jackets and similar articles: men's or boys', of textile materials (other than wool or fine animal hair, cotton or man-made fibres), other than those of heading no. 6203 (not knitted or crocheted)"
620211,"Coats: women's or girls', overcoats, raincoats, car-coats, capes, cloaks and similar articles, of wool or fine animal hair, other than those of heading no. 6204 (not knitted or crocheted)"
620212,"Coats: women's or girls', overcoats, raincoats, car-coats, capes, cloaks and similar articles, of cotton, other than those of heading no. 6204 (not knitted or crocheted)"
620219,"Coats: women's or girls', overcoats, raincoats, car-coats, capes, cloaks and similar articles, of textile materials (other than wool or fine animal hair, cotton or man-made fibres), other than those of heading no. 6204 (not knitted or crocheted)"
620291,"Anoraks (including ski-jackets), wind-cheaters, wind-jackets and similar articles: women's or girls', of wool or fine animal hair, other than those of heading no. 6204 (not knitted or crocheted)"
620292,"Anoraks (including ski-jackets), wind-cheaters, wind-jackets and similar articles: women's or girls', of cotton, other than those of heading no. 6204 (not knitted or crocheted)"
620311,"Suits: men's or boys', of wool or fine animal hair (not knitted or crocheted)"
620321,"Ensembles: men's or boys', of wool or fine animal hair (not knitted or crocheted)"
620322,"Ensembles: men's or boys', of cotton (not knitted or crocheted)"
620329,"Ensembles: men's or boys', of textile materials n.e.s. in item no. 6203.2 (not knitted or crocheted)"
620331,"Jackets and blazers: men's or boys', of wool or fine animal hair (not knitted or crocheted)"
620332,"Jackets and blazers: men's or boys', of cotton (not knitted or crocheted)"
620341,"Trousers, bib and brace overalls, breeches and shorts: men's or boys', of wool or fine animal hair (not knitted or crocheted)"
620342,"Trousers, bib and brace overalls, breeches and shorts: men's or boys', of cotton (not knitted or crocheted)"
620349,"Trousers, bib and brace overalls, breeches and shorts: men's or boys', of textile materials (other than wool, fine animal hair, cotton or synthetic fibres), (not knitted or crocheted)"
620411,"Suits: women's or girls', of wool or fine animal hair (not knitted or crocheted)"
620412,"Suits: women's or girls', of cotton (not knitted or crocheted)"
620421,"Ensembles: women's or girls', of wool or fine animal hair (not knitted or crocheted)"
620422,"Ensembles: women's or girls', of cotton (not knitted or crocheted)"
620431,"Jackets and blazers: women's or girls', of wool or fine animal hair (not knitted or crocheted)"
620432,"Jackets and blazers: women's or girls', of cotton (not knitted or crocheted)"
620441,"Dresses: women's or girls', of wool or fine animal hair (not knitted or crocheted)"
620442,"Dresses: women's or girls', of cotton (not knitted or crocheted)"
620451,"Skirts and divided skirts: women's or girls', of wool or fine animal hair (not knitted or crocheted)"
620452,"Skirts and divided skirts: women's or girls', of cotton (not knitted or crocheted)"
620461,"Trousers, bib and brace overalls, breeches and shorts: women's or girls', of wool or fine animal hair (not knitted or crocheted)"
620462,"Trousers, bib and brace overalls, breeches and shorts: women's or girls', of cotton (not knitted or crocheted)"
620469,"Trousers, bib and brace overalls, breeches and shorts: women's or girls', of textile materials (other than wool, fine animal hair, cotton or synthetic fibres), (not knitted or crocheted)"
620510,"Shirts: men's or boys', of wool or fine animal hair (not knitted or crocheted)"
620520,"Shirts: men's or boys', of cotton (not knitted or crocheted)"
620620,"Blouses, shirts and shirt-blouses: women's or girls', of wool or fine animal hair (not knitted or crocheted)"
620630,"Blouses, shirts and shirt-blouses: women's or girls', of cotton (not knitted or crocheted)"
620711,"Underpants and briefs: men's or boys', of cotton (not knitted or crocheted)"
620719,"Underpants and briefs: men's or boys', of textile materials other than cotton (not knitted or crocheted)"
620721,"Nightshirts and pyjamas: men's or boys', of cotton (not knitted or crocheted)"
620729,"Nightshirts and pyjamas: men's or boys', of textile materials other than cotton or man-made fibres (not knitted or crocheted)"
620791,"Singlets and other vests, bathrobes, dressing gowns and similar articles: men's or boys', of cotton (not knitted or crocheted)"
620799,"Singlets and other vests, bathrobes, dressing gowns and similar articles: men's or boys', of textile materials other than cotton or man-made fibres (not knitted or crocheted)"
620821,"Nightdresses and pyjamas: women's or girls', of cotton (not knitted or crocheted)"
620829,"Nightdresses and pyjamas: women's or girls', of textile materials other than cotton or man-made fibres (not knitted or crocheted)"
620891,"Singlets and other vests, briefs, panties, negligees, bathrobes, dressing gowns and similar articles: women's or girls', of cotton (not knitted or crocheted)"
620899,"Singlets and other vests, briefs, panties, negligees, bathrobes, dressing gowns and similar articles: women's or girls', of textile materials other than cotton or man-made fibres (not knitted or crocheted)"
620910,"Garments and clothing accessories: babies', of wool or fine animal hair (not knitted or crocheted)"
620920,"Garments and clothing accessories: babies', of cotton (not knitted or crocheted)"
620990,"Garments and clothing accessories: babies', of textile materials other than wool or fine animal hair, cotton or synthetic fibres (not knitted or crocheted)"
621131,"Track suits and other garments n.e.s.: men's or boys', of wool or fine animal hair (not knitted or crocheted)"
621132,"Track suits and other garments n.e.s.: men's or boys', of cotton (not knitted or crocheted)"
621141,"Track suits and other garments n.e.s.: women's or girls', of wool or fine animal hair (not knitted or crocheted)"
621142,"Track suits and other garments n.e.s.: women's or girls', of cotton (not knitted or crocheted)"
621210,Brassieres: whether or not knitted or crocheted
621320,Handkerchiefs: of cotton (not knitted or crocheted)
621390,Handkerchiefs: of textile materials other than silk or cotton (not knitted or crocheted)
621420,"Shawls, scarves, mufflers, mantillas, veils and the like: of wool or fine animal hair (not knitted or crocheted)"
630120,Blankets (other than electric blankets) and travelling rugs: of wool or fine animal hair
630130,Blankets (other than electric blankets) and travelling rugs: of cotton
630140,Blankets (other than electric blankets) and travelling rugs: of synthetic fibres
630190,Blankets and travelling rugs: n.e.s. in heading no. 6301
630221,"Bed linen: of cotton, printed, not knitted or crocheted"
630229,"Bed linen: of textile materials (other than cotton or man-made fibres), printed, not knitted or crocheted"
630231,"Bed linen: of cotton (not printed, knitted or crocheted)"
630239,"Bed linen: of textile materials other than cotton or man-made fibres (not printed, knitted or crocheted)"
630251,"Table linen: of cotton, not knitted or crocheted"
630259,"Table linen: of textile materials (other than cotton, flax or man-made fibres), not knitted or crocheted"
630260,"Kitchen and toilet linen: of terry towelling or similar terry fabrics, of cotton"
630291,"Toilet and kitchen linen: of cotton, excluding terry towelling or similar terry fabrics"
630299,"Toilet and kitchen linen: of textile materials (other than cotton, flax or man-made fibres)"
630311,"Curtains (including drapes) and interior blinds: curtain or bed valances, knitted or crocheted, of cotton"
630319,"Curtains (including drapes) and interior blinds: curtain or bed valances, knitted or crocheted, of textile materials other than cotton or synthetic fibres"
630391,"Curtains (including drapes) and interior blinds, curtain or bed valances: of cotton, not knitted or crocheted"
630399,"Curtains (including drapes) and interior blinds, curtain or bed valances: of textile materials other than cotton or synthetic fibres, not knitted or crocheted"
630419,Bedspreads: not knitted or crocheted
630492,"Furnishing articles: of cotton, not knitted or crocheted (excluding bedspreads and articles of heading no. 9404)"
630499,"Furnishing articles: of textile materials other than cotton or synthetic fibres, not knitted or crocheted (excluding bedspreads and articles of heading no. 9404)"
630520,"Sacks and bags: of a kind used for the packing of goods, of cotton"
630590,"Sacks and bags: of a kind used for the packing of goods, of textile materials (other than jute, cotton or man-made textile materials)"
630611,"Tarpaulins, awnings and sunblinds: of cotton"
630619,"Tarpaulins, awnings and sunblinds: of textile materials other than cotton or synthetic fibres"
630621,Tents: of cotton
630629,Tents: of textile materials other than cotton or synthetic fibres
630641,Pneumatic mattresses: of cotton
630649,Pneumatic mattresses: of textile materials other than cotton
630691,"Sailboards, landcraft or camping goods: of cotton"
630699,"Sailboards, landcraft or camping goods: of textile materials other than cotton"
631090,"Rags: used or new, scrap twine, cordage, rope and cables and worn out articles of twine, cordage, rope or cables, of textile materials: other than sorted"
670300,"Human hair, dressed, thinned, bleached or otherwise worked: wool or other animal hair or other textile materials, prepared for use in making wigs or the like"
680610,"Slag wool, rock wool and similar mineral wools (including intermixtures thereof), in bulk, sheets or rolls"
690220,"Refractory bricks, blocks, tiles and similar refractory ceramic constructional goods: containing by weight more than 50% of alumina (Al2o3), of silica (SiO2) or of a mixture or compound of these"
690320,"Refractory ceramic goods: containing by weight more than 50% of alumina or of a mixture or compound of alumina and of silica, excluding those of siliceous fossil meals or similar earths"
701910,"Glass fibres (including glass wool): slivers, rovings, yarn and chopped strands"
720260,Ferro-alloys: ferro-nickel
721060,"Iron or non-alloy steel: flat-rolled, width 600mm or more, plated or coated with aluminium"
721810,"Steel, stainless: ingots and other primary forms"
721890,"Steel, stainless: semi-finished products"
721911,"Steel, stainless: flat-rolled, width 600mm or more, hot-rolled, in coils, of a thickness exceeding 10mm"
721922,"Steel, stainless: flat-rolled, width 600mm or more, hot-rolled, (not in coils), of a thickness of 4.75mm or more but not exceeding 10mm"
721932,"Steel, stainless: flat-rolled, width 600mm or more, cold-rolled, of a thickness of 3mm or more but less than 4.75mm"
721990,"Steel, stainless: flat-rolled, width 600mm or more, n.e.s. in heading no. 7219"
722011,"Steel, stainless: flat-rolled, width less than 600mm, hot-rolled, of a thickness of 4.75mm or more"
722020,"Steel, stainless: flat-rolled, width less than 600mm, cold-rolled"
722090,"Steel, stainless: flat-rolled, width less than 600mm, nes in heading no 7220"
732310,"Iron or steel: wool, pot scourers and scouring or polishing pads, gloves and the like"
740323,Copper: copper-nickel base alloys (cupro-nickel) or copper-nickel-zinc base alloys (nickel silver) unwrought
740722,"Copper: bars, rods and profiles, of copper-nickel base alloys (cupro-nickel) or copper-nickel-zinc base alloys (nickel silver)"
740729,"Copper: bars, rods and profiles, of copper alloys, (other than copper-zinc base alloys, copper-nickel base alloys or copper-nickel-zinc base alloys)"
740822,"Copper: wire, of copper-nickel base alloys (cupro-nickel) or copper-nickel-zinc base alloys (nickel silver)"
740829,"Copper: wire, of copper alloys (other than copper-zinc base alloys, copper-nickel base alloys or copper-nickel-zinc base alloys)"
740940,"Copper: plates, sheets and strip, of a thickness exceeding 0.15mm, of copper-nickel base alloys (cupro-nickel) or copper-nickel-zinc base alloys (nickel silver)"
740990,"Copper: plates, sheets and strip, of a thickness exceeding 0.15mm, of copper alloys (other than copper-zinc base alloys, copper-tin base alloys, copper-nickel base alloys or copper-nickel-zinc base alloys)"
741122,"Copper: tubes and pipes, of copper-nickel base alloys (cupro-nickel) or copper-nickel-zinc base alloys (nickel silver)"
741129,"Copper: tubes and pipes, of copper alloys (other than copper-zinc, copper-nickel base alloys (cupro-nickel) or copper-nickel-zinc base alloys (nickel-silver))"
750110,Nickel: nickel mattes
750120,Nickel: oxide sinters and other intermediate products of nickel metallurgy
750210,"Nickel: unwrought, not alloyed"
750220,"Nickel: unwrought, alloys"
750300,Nickel: waste and scrap
750400,Nickel: powders and flakes
750511,"Nickel: bars, rods and profiles, not alloyed"
750512,"Nickel: bars, rods and profiles, of nickel alloys"
750521,"Nickel: wire, not alloyed"
750522,"Nickel: wire, of nickel alloys"
750610,"Nickel: plates, sheets, strip and foil, not alloyed"
750620,"Nickel: plates, sheets, strip and foil, of nickel alloys"
750711,"Nickel: tubes and pipes, not alloyed"
750712,"Nickel: tubes and pipes, of nickel alloys"
750720,Nickel: tube and pipe fittings
750800,Nickel: other articles thereof n.e.s.
760110,"Aluminium: unwrought, (not alloyed)"
760120,"Aluminium: unwrought, alloys"
760200,Aluminium: waste and scrap
760310,Aluminium: powders of non-lamellar structure
760320,"Aluminium: powders of lamellar structure, flakes"
760410,"Aluminium: (not alloyed), bars, rods and profiles"
760421,"Aluminium: alloys, hollow profiles"
760429,"Aluminium: alloys, bars, rods and profiles, other than hollow"
760511,"Aluminium: (not alloyed), wire, maximum cross-sectional dimension exceeds 7mm"
760519,"Aluminium: (not alloyed), wire, maximum cross-sectional dimension is 7mm or less"
760521,"Aluminium: alloys, wire, maximum cross-sectional dimension exceeding 7mm"
760529,"Aluminium: alloys, wire, maximum cross-sectional dimension is 7mm or less"
760611,"Aluminium: plates, sheets and strip, thickness exceeding 0.2mm, (not alloyed), rectangular (including square)"
760612,"Aluminium: plates, sheets and strip, thickness exceeding 0.2mm, alloys, rectangular (including square)"
760691,"Aluminium: plates, sheets and strip, thickness exceeding 0.2mm, not alloyed, (not rectangular or square)"
760692,"Aluminium: plates, sheets and strip, thickness exceeding 0.2mm, alloys, (not rectangular or square)"
760711,"Aluminium: foil, (not backed), rolled (but not further worked), of a thickness not exceeding 0.2mm"
760719,"Aluminium: foil, (not backed), of a thickness not exceeding 0.2mm, not rolled"
760720,"Aluminium: foil, backed with paper, paperboard, plastics or similar backing materials, of a thickness (excluding any backing) not exceeding 0.2mm"
760810,"Aluminium: tubes and pipes, not alloyed"
760820,"Aluminium: tubes and pipes, alloys"
760900,"Aluminium: tube or pipe fittings (eg couplings, elbows, sleeves)"
761010,"Aluminium: structures (excluding prefabricated buildings of heading no. 9406) and parts of structures, doors, windows and their frames and thresholds for doors"
761090,"Aluminium: structures (excluding prefabricated buildings of heading no. 9406) and parts of structures, n.e.s. in heading no. 7610, plates, rods, profiles, tubes and the like"
761100,"Aluminium: reservoirs, tanks, vats and similar containers, for material (not compressed or liquefied gas), of a capacity over 300l, whether or not lined, not fitted with mechanical/thermal equipment"
761210,"Aluminium: collapsible tubular containers, for any material, (not compressed or liquefied gas), 300l capacity or less, whether or not lined, not fitted with mechanical/thermal equipment"
761290,"Aluminium: casks, drums, cans, boxes and the like for any material (not compressed or liquefied gas), 300l capacity or less, whether or not lined or heat-insulated, no mechanical or thermal equipment"
761300,Aluminium: containers for compressed or liquefied gas
761410,"Aluminium: stranded wire, cables, plaited bands and the like, (not electrically insulated), with steel core"
761490,"Aluminium: stranded wire, cables, plaited bands and the like, (not electrically insulated), other than steel core"
761510,"Aluminium: table, kitchen or other household articles and parts thereof, pot scourers and scouring or polishing pads, gloves and the like"
761520,Aluminium: sanitary ware and parts thereof
761610,"Aluminium: nails, tacks, staples (other than those of heading no. 8305) screws, bolts, nuts, screw hooks, rivets, cotters, cotter-pins, washers and similar articles"
761690,Aluminium: articles n.e.s. in heading no. 7616
843820,"Machinery: industrial, for the manufacture of confectionery, cocoa or chocolate"
850730,"Electric accumulators: nickel-cadmium, including separators, whether or not rectangular (including square)"
850740,"Electric accumulators: nickel-iron, including separators, whether or not rectangular (including square)"
853222,"Electrical capacitors: fixed, aluminium electrolytic"
