chain,track,model,history_rows,history_positives,target_rows,target_positives,selected_C,selection_objective,headline_metric,headline_value,base_rate,average_precision,average_precision_ci95_low,average_precision_ci95_high,roc_auc,realized_value_metric,reporting_budget_k,realized_value,budgets_json,macro_recall_at_1,micro_recall_at_1,macro_value_capture_at_1,micro_value_capture_at_1,macro_recall_at_3,micro_recall_at_3,macro_value_capture_at_3,micro_value_capture_at_3,macro_recall_at_5,micro_recall_at_5,macro_value_capture_at_5,micro_value_capture_at_5
sheep,track_a_destination_extension,size,11144,621,15153,552,,,average_precision,0.13592994670983438,0.03642843001385864,0.13592994670983438,0.0953265810906735,0.18342525680619243,0.7899394423054207,global_observed_late_value_capture_at_500,500,0.2499064420137482,"{""k_100"": {""effective_k"": 100, ""hits"": 23, ""observed_late_value_kusd"": 28332.0436, ""precision"": 0.23, ""recall"": 0.041666666666666664, ""requested_k"": 100, ""value_capture"": 0.08333704675606282}, ""k_1000"": {""effective_k"": 1000, ""hits"": 165, ""observed_late_value_kusd"": 138654.0626, ""precision"": 0.165, ""recall"": 0.29891304347826086, ""requested_k"": 1000, ""value_capture"": 0.40784280375081244}, ""k_500"": {""effective_k"": 500, ""hits"": 85, ""observed_late_value_kusd"": 84960.53659999999, ""precision"": 0.17, ""recall"": 0.1539855072463768, ""requested_k"": 500, ""value_capture"": 0.2499064420137482}}",,,,,,,,,,,,
sheep,track_a_destination_extension,gravity,11144,621,15153,552,,,average_precision,0.07703169516775323,0.03642843001385864,0.07703169516775323,0.06028984826471001,0.09964919148005795,0.7109525826601116,global_observed_late_value_capture_at_500,500,0.0893173530915272,"{""k_100"": {""effective_k"": 100, ""hits"": 16, ""observed_late_value_kusd"": 5350.0918, ""precision"": 0.16, ""recall"": 0.028985507246376812, ""requested_k"": 100, ""value_capture"": 0.015736981658669633}, ""k_1000"": {""effective_k"": 1000, ""hits"": 87, ""observed_late_value_kusd"": 57141.66559999999, ""precision"": 0.087, ""recall"": 0.15760869565217392, ""requested_k"": 1000, ""value_capture"": 0.16807886240251677}, ""k_500"": {""effective_k"": 500, ""hits"": 52, ""observed_late_value_kusd"": 30365.164599999996, ""precision"": 0.104, ""recall"": 0.09420289855072464, ""requested_k"": 500, ""value_capture"": 0.0893173530915272}}",,,,,,,,,,,,
sheep,track_a_destination_extension,historical_logistic_size_gravity,11144,621,15153,552,10.0,historical_group_cv_average_precision,average_precision,0.12664335451457143,0.03642843001385864,0.12664335451457143,0.09572594881074475,0.16632201361239346,0.7935342179263084,global_observed_late_value_capture_at_500,500,0.25511325691067294,"{""k_100"": {""effective_k"": 100, ""hits"": 18, ""observed_late_value_kusd"": 20420.130400000002, ""precision"": 0.18, ""recall"": 0.03260869565217391, ""requested_k"": 100, ""value_capture"": 0.06006461750290756}, ""k_1000"": {""effective_k"": 1000, ""hits"": 161, ""observed_late_value_kusd"": 135083.5902, ""precision"": 0.161, ""recall"": 0.2916666666666667, ""requested_k"": 1000, ""value_capture"": 0.3973404683195613}, ""k_500"": {""effective_k"": 500, ""hits"": 87, ""observed_late_value_kusd"": 86730.6942, ""precision"": 0.174, ""recall"": 0.15760869565217392, ""requested_k"": 500, ""value_capture"": 0.25511325691067294}}",,,,,,,,,,,,
sheep,track_b1_processed_export_stage_entry,upstream_capacity,119,19,134,20,,,average_precision,0.1747755731175697,0.14925373134328357,0.1747755731175697,0.09552675461998217,0.3361153103803863,0.5416666666666667,global_observed_late_value_capture_at_50,50,0.6126089360703371,"{""k_100"": {""effective_k"": 100, ""hits"": 16, ""observed_late_value_kusd"": 22745.3792, ""precision"": 0.16, ""recall"": 0.8, ""requested_k"": 100, ""value_capture"": 0.8776429267743375}, ""k_25"": {""effective_k"": 25, ""hits"": 3, ""observed_late_value_kusd"": 813.7370000000001, ""precision"": 0.12, ""recall"": 0.15, ""requested_k"": 25, ""value_capture"": 0.031398488283042966}, ""k_50"": {""effective_k"": 50, ""hits"": 8, ""observed_late_value_kusd"": 15876.642000000002, ""precision"": 0.16, ""recall"": 0.4, ""requested_k"": 50, ""value_capture"": 0.6126089360703371}}",,,,,,,,,,,,
sheep,track_b1_processed_export_stage_entry,historical_logistic_structural,119,19,134,20,1.0,historical_group_cv_average_precision,average_precision,0.14516138643617044,0.14925373134328357,0.14516138643617044,0.08498073410242607,0.2796122711359639,0.42587719298245613,global_observed_late_value_capture_at_50,50,0.07226853251149615,"{""k_100"": {""effective_k"": 100, ""hits"": 13, ""observed_late_value_kusd"": 3951.7698, ""precision"": 0.13, ""recall"": 0.65, ""requested_k"": 100, ""value_capture"": 0.15248120432348908}, ""k_25"": {""effective_k"": 25, ""hits"": 2, ""observed_late_value_kusd"": 812.004, ""precision"": 0.08, ""recall"": 0.1, ""requested_k"": 25, ""value_capture"": 0.03133161952791137}, ""k_50"": {""effective_k"": 50, ""hits"": 5, ""observed_late_value_kusd"": 1872.9430000000002, ""precision"": 0.1, ""recall"": 0.25, ""requested_k"": 50, ""value_capture"": 0.07226853251149615}}",,,,,,,,,,,,
sheep,track_b2_conditional_destination_ranking,processed_importer_demand,1257,44,1999,46,,,per_positive_entry_macro_recall_at_3,0.17222222222222222,,,,,,per_positive_entry_macro_value_capture_at_3,3,0.165868485650566,,0.01944444444444444,0.043478260869565216,0.015427301886854233,0.01575465684737519,0.17222222222222222,0.13043478260869565,0.165868485650566,0.04853451547517401,0.21666666666666665,0.1956521739130435,0.21822910116557162,0.10283588036794625
sheep,track_b2_conditional_destination_ranking,gravity,1257,44,1999,46,,,per_positive_entry_macro_recall_at_3,0.10555555555555556,,,,,,per_positive_entry_macro_value_capture_at_3,3,0.10361512750998451,,0.1,0.043478260869565216,0.1,0.02321716361740256,0.10555555555555556,0.08695652173913043,0.10361512750998451,0.05864612849509247,0.175,0.15217391304347827,0.16401874155141344,0.07332650194208011
sheep,track_b2_conditional_destination_ranking,historical_logistic_demand_gravity,1257,44,1999,46,0.01,historical_group_cv_per_positive_entry_macro_recall_at_3,per_positive_entry_macro_recall_at_3,0.12222222222222223,,,,,,per_positive_entry_macro_value_capture_at_3,3,0.11823441629464804,,0.1,0.043478260869565216,0.1,0.02321716361740256,0.12222222222222223,0.10869565217391304,0.11823441629464804,0.06648209706960202,0.23333333333333334,0.21739130434782608,0.22819153144328874,0.10795355880453764
cotton,track_a_destination_extension,size,100986,5080,108040,3084,,,average_precision,0.16792714538640993,0.028544983339503886,0.16792714538640993,0.14092774049623238,0.19104812910516203,0.8342094987713707,global_observed_late_value_capture_at_500,500,0.09182517116813863,"{""k_100"": {""effective_k"": 100, ""hits"": 53, ""observed_late_value_kusd"": 61061.34160000001, ""precision"": 0.53, ""recall"": 0.017185473411154346, ""requested_k"": 100, ""value_capture"": 0.03125767739594045}, ""k_1000"": {""effective_k"": 1000, ""hits"": 307, ""observed_late_value_kusd"": 268090.8518, ""precision"": 0.307, ""recall"": 0.09954604409857327, ""requested_k"": 1000, ""value_capture"": 0.13723736064075082}, ""k_500"": {""effective_k"": 500, ""hits"": 181, ""observed_late_value_kusd"": 179378.91139999998, ""precision"": 0.362, ""recall"": 0.05869001297016861, ""requested_k"": 500, ""value_capture"": 0.09182517116813863}}",,,,,,,,,,,,
cotton,track_a_destination_extension,gravity,100986,5080,108040,3084,,,average_precision,0.09238038823398025,0.028544983339503886,0.09238038823398025,0.07727247922200475,0.10884499529438667,0.7672915150065478,global_observed_late_value_capture_at_500,500,0.04688770340907691,"{""k_100"": {""effective_k"": 100, ""hits"": 26, ""observed_late_value_kusd"": 14527.4344, ""precision"": 0.26, ""recall"": 0.008430609597924773, ""requested_k"": 100, ""value_capture"": 0.007436683275656814}, ""k_1000"": {""effective_k"": 1000, ""hits"": 179, ""observed_late_value_kusd"": 138564.1566, ""precision"": 0.179, ""recall"": 0.058041504539559016, ""requested_k"": 1000, ""value_capture"": 0.07093184643757273}, ""k_500"": {""effective_k"": 500, ""hits"": 110, ""observed_late_value_kusd"": 91594.3318, ""precision"": 0.22, ""recall"": 0.035667963683527884, ""requested_k"": 500, ""value_capture"": 0.04688770340907691}}",,,,,,,,,,,,
cotton,track_a_destination_extension,historical_logistic_size_gravity,100986,5080,108040,3084,10.0,historical_group_cv_average_precision,average_precision,0.14404663596472522,0.028544983339503886,0.14404663596472522,0.1255106138844131,0.166864202778391,0.8399846011686746,global_observed_late_value_capture_at_500,500,0.05572740979349989,"{""k_100"": {""effective_k"": 100, ""hits"": 41, ""observed_late_value_kusd"": 68592.2884, ""precision"": 0.41, ""recall"": 0.013294422827496757, ""requested_k"": 100, ""value_capture"": 0.03511281551430092}, ""k_1000"": {""effective_k"": 1000, ""hits"": 233, ""observed_late_value_kusd"": 172985.7138, ""precision"": 0.233, ""recall"": 0.07555123216601815, ""requested_k"": 1000, ""value_capture"": 0.08855245388297993}, ""k_500"": {""effective_k"": 500, ""hits"": 140, ""observed_late_value_kusd"": 108862.54800000001, ""precision"": 0.28, ""recall"": 0.04539559014267185, ""requested_k"": 500, ""value_capture"": 0.05572740979349989}}",,,,,,,,,,,,
cotton,track_b1_processed_export_stage_entry,upstream_capacity,309,66,320,36,,,average_precision,0.14973379027379435,0.1125,0.14973379027379435,0.0921193625457673,0.2575870172495842,0.5375097809076682,global_observed_late_value_capture_at_50,50,0.025774661630477785,"{""k_100"": {""effective_k"": 100, ""hits"": 10, ""observed_late_value_kusd"": 3133.0382000000004, ""precision"": 0.1, ""recall"": 0.2777777777777778, ""requested_k"": 100, ""value_capture"": 0.06617684737207871}, ""k_25"": {""effective_k"": 25, ""hits"": 3, ""observed_late_value_kusd"": 945.5966000000001, ""precision"": 0.12, ""recall"": 0.08333333333333333, ""requested_k"": 25, ""value_capture"": 0.019973137216698016}, ""k_50"": {""effective_k"": 50, ""hits"": 5, ""observed_late_value_kusd"": 1220.2606, ""precision"": 0.1, ""recall"": 0.1388888888888889, ""requested_k"": 50, ""value_capture"": 0.025774661630477785}}",,,,,,,,,,,,
cotton,track_b1_processed_export_stage_entry,historical_logistic_structural,309,66,320,36,0.1,historical_group_cv_average_precision,average_precision,0.13527555260936724,0.1125,0.13527555260936724,0.0990907697018526,0.20246349425873905,0.5836267605633804,global_observed_late_value_capture_at_50,50,0.01855174852729479,"{""k_100"": {""effective_k"": 100, ""hits"": 14, ""observed_late_value_kusd"": 40816.71279999999, ""precision"": 0.14, ""recall"": 0.3888888888888889, ""requested_k"": 100, ""value_capture"": 0.8621412190874564}, ""k_25"": {""effective_k"": 25, ""hits"": 1, ""observed_late_value_kusd"": 328.43240000000003, ""precision"": 0.04, ""recall"": 0.027777777777777776, ""requested_k"": 25, ""value_capture"": 0.006937234537020808}, ""k_50"": {""effective_k"": 50, ""hits"": 6, ""observed_late_value_kusd"": 878.3032000000001, ""precision"": 0.12, ""recall"": 0.16666666666666666, ""requested_k"": 50, ""value_capture"": 0.01855174852729479}}",,,,,,,,,,,,
cotton,track_b2_conditional_destination_ranking,processed_importer_demand,9861,113,5549,44,,,per_positive_entry_macro_recall_at_3,0.16203703703703703,,,,,,per_positive_entry_macro_value_capture_at_3,3,0.1533513444868573,,0.09722222222222222,0.09090909090909091,0.09680211455008664,0.015997091447903636,0.16203703703703703,0.1590909090909091,0.1533513444868573,0.04933720164712736,0.17592592592592593,0.18181818181818182,0.16772292037152622,0.05177606227288344
cotton,track_b2_conditional_destination_ranking,gravity,9861,113,5549,44,,,per_positive_entry_macro_recall_at_3,0.2638888888888889,,,,,,per_positive_entry_macro_value_capture_at_3,3,0.2634687812167533,,0.125,0.11363636363636363,0.12457989232786441,0.019166266885652126,0.2638888888888889,0.22727272727272727,0.2634687812167533,0.05922054788320443,0.3333333333333333,0.29545454545454547,0.3312568449724709,0.06686235764621208
cotton,track_b2_conditional_destination_ranking,historical_logistic_demand_gravity,9861,113,5549,44,0.01,historical_group_cv_per_positive_entry_macro_recall_at_3,per_positive_entry_macro_recall_at_3,0.18055555555555555,,,,,,per_positive_entry_macro_value_capture_at_3,3,0.18013544788341995,,0.1527777777777778,0.13636363636363635,0.1523576701056422,0.028717947171149383,0.18055555555555555,0.1590909090909091,0.18013544788341995,0.03565518170817018,0.3194444444444444,0.29545454545454547,0.317850643079362,0.05471011316149397
aluminium,track_a_destination_extension,size,57401,4666,81212,3487,,,average_precision,0.15726923872268303,0.042937004383588634,0.15726923872268303,0.13466798509868555,0.18130544746891417,0.7883298965610724,global_observed_late_value_capture_at_500,500,0.1125688861367031,"{""k_100"": {""effective_k"": 100, ""hits"": 27, ""observed_late_value_kusd"": 105873.01500000001, ""precision"": 0.27, ""recall"": 0.007743045597935188, ""requested_k"": 100, ""value_capture"": 0.016146323384976735}, ""k_1000"": {""effective_k"": 1000, ""hits"": 294, ""observed_late_value_kusd"": 1119127.0732, ""precision"": 0.294, ""recall"": 0.08431316317751648, ""requested_k"": 1000, ""value_capture"": 0.17067415745900624}, ""k_500"": {""effective_k"": 500, ""hits"": 159, ""observed_late_value_kusd"": 738125.15, ""precision"": 0.318, ""recall"": 0.04559793518784055, ""requested_k"": 500, ""value_capture"": 0.1125688861367031}}",,,,,,,,,,,,
aluminium,track_a_destination_extension,gravity,57401,4666,81212,3487,,,average_precision,0.16699738907198358,0.042937004383588634,0.16699738907198358,0.14308062383470352,0.19507734700247953,0.8108891962177579,global_observed_late_value_capture_at_500,500,0.13395766281028118,"{""k_100"": {""effective_k"": 100, ""hits"": 34, ""observed_late_value_kusd"": 131663.0292, ""precision"": 0.34, ""recall"": 0.009750501864066534, ""requested_k"": 100, ""value_capture"": 0.02007946828857981}, ""k_1000"": {""effective_k"": 1000, ""hits"": 299, ""observed_late_value_kusd"": 1378933.0246000001, ""precision"": 0.299, ""recall"": 0.08574706051046745, ""requested_k"": 1000, ""value_capture"": 0.21029625482391032}, ""k_500"": {""effective_k"": 500, ""hits"": 160, ""observed_late_value_kusd"": 878373.4418, ""precision"": 0.32, ""recall"": 0.045884714654430746, ""requested_k"": 500, ""value_capture"": 0.13395766281028118}}",,,,,,,,,,,,
aluminium,track_a_destination_extension,historical_logistic_size_gravity,57401,4666,81212,3487,0.01,historical_group_cv_average_precision,average_precision,0.18239968134407625,0.042937004383588634,0.18239968134407625,0.15561312806587085,0.21127403943315454,0.8192514603937633,global_observed_late_value_capture_at_500,500,0.14210773964824464,"{""k_100"": {""effective_k"": 100, ""hits"": 33, ""observed_late_value_kusd"": 128091.6934, ""precision"": 0.33, ""recall"": 0.00946372239747634, ""requested_k"": 100, ""value_capture"": 0.01953481635113244}, ""k_1000"": {""effective_k"": 1000, ""hits"": 313, ""observed_late_value_kusd"": 1379159.1114, ""precision"": 0.313, ""recall"": 0.08976197304273013, ""requested_k"": 1000, ""value_capture"": 0.21033073453137754}, ""k_500"": {""effective_k"": 500, ""hits"": 168, ""observed_late_value_kusd"": 931814.2894000001, ""precision"": 0.336, ""recall"": 0.04817895038715228, ""requested_k"": 500, ""value_capture"": 0.14210773964824464}}",,,,,,,,,,,,
aluminium,track_b1_processed_export_stage_entry,upstream_capacity,362,81,358,72,,,average_precision,0.26107238138897615,0.2011173184357542,0.26107238138897615,0.19363000948676543,0.35799854073275267,0.5965666278166277,global_observed_late_value_capture_at_50,50,0.2326252486158663,"{""k_100"": {""effective_k"": 100, ""hits"": 27, ""observed_late_value_kusd"": 265421.267, ""precision"": 0.27, ""recall"": 0.375, ""requested_k"": 100, ""value_capture"": 0.32435383161846904}, ""k_25"": {""effective_k"": 25, ""hits"": 10, ""observed_late_value_kusd"": 188569.72980000003, ""precision"": 0.4, ""recall"": 0.1388888888888889, ""requested_k"": 25, ""value_capture"": 0.23043863470024584}, ""k_50"": {""effective_k"": 50, ""hits"": 14, ""observed_late_value_kusd"": 190359.053, ""precision"": 0.28, ""recall"": 0.19444444444444445, ""requested_k"": 50, ""value_capture"": 0.2326252486158663}}",,,,,,,,,,,,
aluminium,track_b1_processed_export_stage_entry,historical_logistic_structural,362,81,358,72,1.0,historical_group_cv_average_precision,average_precision,0.4147307430294906,0.2011173184357542,0.4147307430294906,0.31361118932434495,0.5394511348305662,0.7071192696192696,global_observed_late_value_capture_at_50,50,0.1149583359654725,"{""k_100"": {""effective_k"": 100, ""hits"": 40, ""observed_late_value_kusd"": 278674.1072, ""precision"": 0.4, ""recall"": 0.5555555555555556, ""requested_k"": 100, ""value_capture"": 0.3405492538891995}, ""k_25"": {""effective_k"": 25, ""hits"": 14, ""observed_late_value_kusd"": 71899.304, ""precision"": 0.56, ""recall"": 0.19444444444444445, ""requested_k"": 25, ""value_capture"": 0.08786339921699311}, ""k_50"": {""effective_k"": 50, ""hits"": 23, ""observed_late_value_kusd"": 94071.30179999999, ""precision"": 0.46, ""recall"": 0.3194444444444444, ""requested_k"": 50, ""value_capture"": 0.1149583359654725}}",,,,,,,,,,,,
aluminium,track_b2_conditional_destination_ranking,processed_importer_demand,10313,214,10561,181,,,per_positive_entry_macro_recall_at_3,0.12589665815240528,,,,,,per_positive_entry_macro_value_capture_at_3,3,0.14442028942176036,,0.07000053214133674,0.049723756906077346,0.06789689908898139,0.015647608837084444,0.12589665815240528,0.1270718232044199,0.14442028942176036,0.2756045168655205,0.2104964878671775,0.20441988950276244,0.22105980081974613,0.3185150305454211
aluminium,track_b2_conditional_destination_ranking,gravity,10313,214,10561,181,,,per_positive_entry_macro_recall_at_3,0.2685504469987229,,,,,,per_positive_entry_macro_value_capture_at_3,3,0.2765109437371021,,0.14299435930183058,0.09944751381215469,0.14008372045798867,0.2148160064392475,0.2685504469987229,0.20994475138121546,0.2765109437371021,0.2816512978724796,0.3572078544061303,0.292817679558011,0.3791692073621791,0.5707372584443988
aluminium,track_b2_conditional_destination_ranking,historical_logistic_demand_gravity,10313,214,10561,181,0.01,historical_group_cv_per_positive_entry_macro_recall_at_3,per_positive_entry_macro_recall_at_3,0.2559120902511707,,,,,,per_positive_entry_macro_value_capture_at_3,3,0.2616534025546319,,0.1298770753512133,0.09392265193370165,0.12529808590235744,0.21840987397585931,0.2559120902511707,0.20994475138121546,0.2616534025546319,0.27778659947880324,0.33372179650915285,0.292817679558011,0.3578206350668217,0.35265310396356025
nickel,track_a_destination_extension,size,12922,1616,24645,1564,,,average_precision,0.1899437822377702,0.0634611483059444,0.1899437822377702,0.16631611151787826,0.2157823782803037,0.7896890784162659,global_observed_late_value_capture_at_500,500,0.5016298798522513,"{""k_100"": {""effective_k"": 100, ""hits"": 36, ""observed_late_value_kusd"": 1198267.987, ""precision"": 0.36, ""recall"": 0.023017902813299233, ""requested_k"": 100, ""value_capture"": 0.3186841261960358}, ""k_1000"": {""effective_k"": 1000, ""hits"": 241, ""observed_late_value_kusd"": 2269983.8068, ""precision"": 0.241, ""recall"": 0.15409207161125318, ""requested_k"": 1000, ""value_capture"": 0.603711201331801}, ""k_500"": {""effective_k"": 500, ""hits"": 136, ""observed_late_value_kusd"": 1886153.0178, ""precision"": 0.272, ""recall"": 0.08695652173913043, ""requested_k"": 500, ""value_capture"": 0.5016298798522513}}",,,,,,,,,,,,
nickel,track_a_destination_extension,gravity,12922,1616,24645,1564,,,average_precision,0.1626255489962181,0.0634611483059444,0.1626255489962181,0.1291171439892244,0.18781900191360187,0.7657585246043872,global_observed_late_value_capture_at_500,500,0.26245696050043377,"{""k_100"": {""effective_k"": 100, ""hits"": 29, ""observed_late_value_kusd"": 532209.6394000001, ""precision"": 0.29, ""recall"": 0.01854219948849105, ""requested_k"": 100, ""value_capture"": 0.1415432655510777}, ""k_1000"": {""effective_k"": 1000, ""hits"": 204, ""observed_late_value_kusd"": 1116952.6512, ""precision"": 0.204, ""recall"": 0.13043478260869565, ""requested_k"": 1000, ""value_capture"": 0.29705798995864985}, ""k_500"": {""effective_k"": 500, ""hits"": 109, ""observed_late_value_kusd"": 986851.0787999999, ""precision"": 0.218, ""recall"": 0.06969309462915602, ""requested_k"": 500, ""value_capture"": 0.26245696050043377}}",,,,,,,,,,,,
nickel,track_a_destination_extension,historical_logistic_size_gravity,12922,1616,24645,1564,0.01,historical_group_cv_average_precision,average_precision,0.19492986288896427,0.0634611483059444,0.19492986288896427,0.17239588115971824,0.22211421938657544,0.8002126891938776,global_observed_late_value_capture_at_500,500,0.40159870198344544,"{""k_100"": {""effective_k"": 100, ""hits"": 35, ""observed_late_value_kusd"": 768093.4812, ""precision"": 0.35, ""recall"": 0.02237851662404092, ""requested_k"": 100, ""value_capture"": 0.204277509329049}, ""k_1000"": {""effective_k"": 1000, ""hits"": 244, ""observed_late_value_kusd"": 2147156.5407999996, ""precision"": 0.244, ""recall"": 0.15601023017902813, ""requested_k"": 1000, ""value_capture"": 0.5710448025270918}, ""k_500"": {""effective_k"": 500, ""hits"": 130, ""observed_late_value_kusd"": 1510030.8695999999, ""precision"": 0.26, ""recall"": 0.08312020460358056, ""requested_k"": 500, ""value_capture"": 0.40159870198344544}}",,,,,,,,,,,,
nickel,track_b1_processed_export_stage_entry,upstream_capacity,242,48,343,66,,,average_precision,0.21158337731218707,0.1924198250728863,0.21158337731218707,0.13330642163464582,0.28655171143438385,0.5068646756372388,global_observed_late_value_capture_at_50,50,0.039067161185994216,"{""k_100"": {""effective_k"": 100, ""hits"": 16, ""observed_late_value_kusd"": 31306.679600000003, ""precision"": 0.16, ""recall"": 0.24242424242424243, ""requested_k"": 100, ""value_capture"": 0.0606108304098571}, ""k_25"": {""effective_k"": 25, ""hits"": 4, ""observed_late_value_kusd"": 19487.917400000002, ""precision"": 0.16, ""recall"": 0.06060606060606061, ""requested_k"": 25, ""value_capture"": 0.037729292012580705}, ""k_50"": {""effective_k"": 50, ""hits"": 5, ""observed_late_value_kusd"": 20178.953, ""precision"": 0.1, ""recall"": 0.07575757575757576, ""requested_k"": 50, ""value_capture"": 0.039067161185994216}}",,,,,,,,,,,,
nickel,track_b1_processed_export_stage_entry,historical_logistic_structural,242,48,343,66,10.0,historical_group_cv_average_precision,average_precision,0.3520657758992263,0.1924198250728863,0.3520657758992263,0.23149403891077877,0.4982807725139392,0.6966415053057653,global_observed_late_value_capture_at_50,50,0.057852870975792475,"{""k_100"": {""effective_k"": 100, ""hits"": 31, ""observed_late_value_kusd"": 141024.72999999998, ""precision"": 0.31, ""recall"": 0.4696969696969697, ""requested_k"": 100, ""value_capture"": 0.27302882652639676}, ""k_25"": {""effective_k"": 25, ""hits"": 13, ""observed_late_value_kusd"": 24703.5606, ""precision"": 0.52, ""recall"": 0.19696969696969696, ""requested_k"": 25, ""value_capture"": 0.047826960290168474}, ""k_50"": {""effective_k"": 50, ""hits"": 19, ""observed_late_value_kusd"": 29882.139599999995, ""precision"": 0.38, ""recall"": 0.2878787878787879, ""requested_k"": 50, ""value_capture"": 0.057852870975792475}}",,,,,,,,,,,,
nickel,track_b2_conditional_destination_ranking,processed_importer_demand,2634,95,4693,139,,,per_positive_entry_macro_recall_at_3,0.20097125097125096,,,,,,per_positive_entry_macro_value_capture_at_3,3,0.23475114495081545,,0.1406857031857032,0.11510791366906475,0.1769385041969361,0.49983924907003674,0.20097125097125096,0.2158273381294964,0.23475114495081545,0.6215808913571558,0.3069347319347319,0.302158273381295,0.32959577257963896,0.7705977871400751
nickel,track_b2_conditional_destination_ranking,gravity,2634,95,4693,139,,,per_positive_entry_macro_recall_at_3,0.3336441336441337,,,,,,per_positive_entry_macro_value_capture_at_3,3,0.3708642969417502,,0.09194832944832944,0.10071942446043165,0.10901584419290498,0.06181582329939649,0.3336441336441337,0.2805755395683453,0.3708642969417502,0.5464689222775505,0.43465423465423464,0.381294964028777,0.4749807449566989,0.629860940190404
nickel,track_b2_conditional_destination_ranking,historical_logistic_demand_gravity,2634,95,4693,139,0.01,historical_group_cv_per_positive_entry_macro_recall_at_3,per_positive_entry_macro_recall_at_3,0.2484168609168609,,,,,,per_positive_entry_macro_value_capture_at_3,3,0.28310017015651373,,0.08513014763014763,0.08633093525179857,0.09968938265052071,0.1751218636903267,0.2484168609168609,0.2302158273381295,0.28310017015651373,0.5307098014377161,0.3663752913752914,0.35251798561151076,0.4017340091607651,0.730535213897254
cocoa,track_a_destination_extension,size,30403,2594,54026,2552,,,average_precision,0.1888506633846059,0.04723651575167512,0.1888506633846059,0.15700416505213055,0.21672740947510766,0.8078542452512472,global_observed_late_value_capture_at_500,500,0.1426406649297936,"{""k_100"": {""effective_k"": 100, ""hits"": 31, ""observed_late_value_kusd"": 25428.2612, ""precision"": 0.31, ""recall"": 0.012147335423197491, ""requested_k"": 100, ""value_capture"": 0.015461232428911512}, ""k_1000"": {""effective_k"": 1000, ""hits"": 300, ""observed_late_value_kusd"": 371169.47900000005, ""precision"": 0.3, ""recall"": 0.11755485893416928, ""requested_k"": 1000, ""value_capture"": 0.22568344489622402}, ""k_500"": {""effective_k"": 500, ""hits"": 159, ""observed_late_value_kusd"": 234593.4648, ""precision"": 0.318, ""recall"": 0.06230407523510972, ""requested_k"": 500, ""value_capture"": 0.1426406649297936}}",,,,,,,,,,,,
cocoa,track_a_destination_extension,gravity,30403,2594,54026,2552,,,average_precision,0.17540441534520965,0.04723651575167512,0.17540441534520965,0.14613012560914063,0.19842184575499172,0.80832740466228,global_observed_late_value_capture_at_500,500,0.14153630381459395,"{""k_100"": {""effective_k"": 100, ""hits"": 33, ""observed_late_value_kusd"": 103115.54220000003, ""precision"": 0.33, ""recall"": 0.01293103448275862, ""requested_k"": 100, ""value_capture"": 0.06269769499565445}, ""k_1000"": {""effective_k"": 1000, ""hits"": 289, ""observed_late_value_kusd"": 412826.9084, ""precision"": 0.289, ""recall"": 0.11324451410658307, ""requested_k"": 1000, ""value_capture"": 0.2510125538462442}, ""k_500"": {""effective_k"": 500, ""hits"": 165, ""observed_late_value_kusd"": 232777.18120000002, ""precision"": 0.33, ""recall"": 0.06465517241379311, ""requested_k"": 500, ""value_capture"": 0.14153630381459395}}",,,,,,,,,,,,
cocoa,track_a_destination_extension,historical_logistic_size_gravity,30403,2594,54026,2552,0.01,historical_group_cv_average_precision,average_precision,0.20618042697546898,0.04723651575167512,0.20618042697546898,0.1718963511628774,0.23717666624652017,0.8347475056037665,global_observed_late_value_capture_at_500,500,0.14868565820618812,"{""k_100"": {""effective_k"": 100, ""hits"": 40, ""observed_late_value_kusd"": 127551.12060000001, ""precision"": 0.4, ""recall"": 0.01567398119122257, ""requested_k"": 100, ""value_capture"": 0.07755534311424815}, ""k_1000"": {""effective_k"": 1000, ""hits"": 316, ""observed_late_value_kusd"": 399912.2918, ""precision"": 0.316, ""recall"": 0.1238244514106583, ""requested_k"": 1000, ""value_capture"": 0.24316003544506942}, ""k_500"": {""effective_k"": 500, ""hits"": 177, ""observed_late_value_kusd"": 244535.3416, ""precision"": 0.354, ""recall"": 0.06935736677115988, ""requested_k"": 500, ""value_capture"": 0.14868565820618812}}",,,,,,,,,,,,
cocoa,track_b1_processed_export_stage_entry,upstream_capacity,260,46,277,42,,,average_precision,0.292558606144657,0.15162454873646208,0.292558606144657,0.1574719574361861,0.452324182160365,0.5041033434650456,global_observed_late_value_capture_at_50,50,0.19465966498873652,"{""k_100"": {""effective_k"": 100, ""hits"": 17, ""observed_late_value_kusd"": 11448.4422, ""precision"": 0.17, ""recall"": 0.40476190476190477, ""requested_k"": 100, ""value_capture"": 0.2699708504998418}, ""k_25"": {""effective_k"": 25, ""hits"": 9, ""observed_late_value_kusd"": 8038.792399999998, ""precision"": 0.36, ""recall"": 0.21428571428571427, ""requested_k"": 25, ""value_capture"": 0.1895663692322842}, ""k_50"": {""effective_k"": 50, ""hits"": 10, ""observed_late_value_kusd"": 8254.779799999998, ""precision"": 0.2, ""recall"": 0.23809523809523808, ""requested_k"": 50, ""value_capture"": 0.19465966498873652}}",,,,,,,,,,,,
cocoa,track_b1_processed_export_stage_entry,historical_logistic_structural,260,46,277,42,10.0,historical_group_cv_average_precision,average_precision,0.5341015206173969,0.15162454873646208,0.5341015206173969,0.35743589940341514,0.666679550145682,0.8101317122593718,global_observed_late_value_capture_at_50,50,0.6820243569952104,"{""k_100"": {""effective_k"": 100, ""hits"": 31, ""observed_late_value_kusd"": 31765.7084, ""precision"": 0.31, ""recall"": 0.7380952380952381, ""requested_k"": 100, ""value_capture"": 0.7490814176865014}, ""k_25"": {""effective_k"": 25, ""hits"": 12, ""observed_late_value_kusd"": 18393.5484, ""precision"": 0.48, ""recall"": 0.2857142857142857, ""requested_k"": 25, ""value_capture"": 0.4337465148977216}, ""k_50"": {""effective_k"": 50, ""hits"": 24, ""observed_late_value_kusd"": 28922.072200000002, ""precision"": 0.48, ""recall"": 0.5714285714285714, ""requested_k"": 50, ""value_capture"": 0.6820243569952104}}",,,,,,,,,,,,
cocoa,track_b2_conditional_destination_ranking,processed_importer_demand,4690,104,5855,72,,,per_positive_entry_macro_recall_at_3,0.20119047619047617,,,,,,per_positive_entry_macro_value_capture_at_3,3,0.20910267485710296,,0.1,0.06944444444444445,0.0975247180173598,0.02863069885792215,0.20119047619047617,0.1527777777777778,0.20910267485710296,0.07934916899918634,0.33015873015873015,0.2777777777777778,0.33658037925953926,0.19301962712258977
cocoa,track_b2_conditional_destination_ranking,gravity,4690,104,5855,72,,,per_positive_entry_macro_recall_at_3,0.326984126984127,,,,,,per_positive_entry_macro_value_capture_at_3,3,0.31103873450853714,,0.14484126984126983,0.1111111111111111,0.15146837504447289,0.1074831057786434,0.326984126984127,0.2916666666666667,0.31103873450853714,0.2234453741404326,0.39444444444444443,0.375,0.383901280165598,0.2686123798454453
cocoa,track_b2_conditional_destination_ranking,historical_logistic_demand_gravity,4690,104,5855,72,0.01,historical_group_cv_per_positive_entry_macro_recall_at_3,per_positive_entry_macro_recall_at_3,0.35079365079365077,,,,,,per_positive_entry_macro_value_capture_at_3,3,0.3473520960493599,,0.14484126984126983,0.1111111111111111,0.15146837504447289,0.1074831057786434,0.35079365079365077,0.3055555555555556,0.3473520960493599,0.22671615406571527,0.4003968253968254,0.375,0.38855791010116036,0.2772453736499385
oilseed-soy,track_a_destination_extension,size,25320,1050,34548,1034,,,average_precision,0.09953003705704509,0.02992937362510131,0.09953003705704509,0.07303485112320435,0.13869246529463136,0.7318861172830107,global_observed_late_value_capture_at_500,500,0.28552569405198214,"{""k_100"": {""effective_k"": 100, ""hits"": 35, ""observed_late_value_kusd"": 233964.13019999996, ""precision"": 0.35, ""recall"": 0.033849129593810444, ""requested_k"": 100, ""value_capture"": 0.08974823590945873}, ""k_1000"": {""effective_k"": 1000, ""hits"": 139, ""observed_late_value_kusd"": 1008438.1586, ""precision"": 0.139, ""recall"": 0.1344294003868472, ""requested_k"": 1000, ""value_capture"": 0.38683513443178635}, ""k_500"": {""effective_k"": 500, ""hits"": 93, ""observed_late_value_kusd"": 744335.1947999999, ""precision"": 0.186, ""recall"": 0.08994197292069632, ""requested_k"": 500, ""value_capture"": 0.28552569405198214}}",,,,,,,,,,,,
oilseed-soy,track_a_destination_extension,gravity,25320,1050,34548,1034,,,average_precision,0.07806204126982537,0.02992937362510131,0.07806204126982537,0.053482254145228156,0.11175680131107972,0.7307001179333352,global_observed_late_value_capture_at_500,500,0.08261582178127791,"{""k_100"": {""effective_k"": 100, ""hits"": 19, ""observed_late_value_kusd"": 117497.3426, ""precision"": 0.19, ""recall"": 0.0183752417794971, ""requested_k"": 100, ""value_capture"": 0.04507177751300997}, ""k_1000"": {""effective_k"": 1000, ""hits"": 116, ""observed_late_value_kusd"": 416443.77119999996, ""precision"": 0.116, ""recall"": 0.11218568665377177, ""requested_k"": 1000, ""value_capture"": 0.15974711075895623}, ""k_500"": {""effective_k"": 500, ""hits"": 68, ""observed_late_value_kusd"": 215370.6832, ""precision"": 0.136, ""recall"": 0.06576402321083172, ""requested_k"": 500, ""value_capture"": 0.08261582178127791}}",,,,,,,,,,,,
oilseed-soy,track_a_destination_extension,historical_logistic_size_gravity,25320,1050,34548,1034,10.0,historical_group_cv_average_precision,average_precision,0.09669349555529105,0.02992937362510131,0.09669349555529105,0.06794862092900147,0.13879420688993244,0.7523489707064308,global_observed_late_value_capture_at_500,500,0.20103314396610328,"{""k_100"": {""effective_k"": 100, ""hits"": 27, ""observed_late_value_kusd"": 68823.2038, ""precision"": 0.27, ""recall"": 0.02611218568665377, ""requested_k"": 100, ""value_capture"": 0.02640046200845858}, ""k_1000"": {""effective_k"": 1000, ""hits"": 139, ""observed_late_value_kusd"": 1080085.2266, ""precision"": 0.139, ""recall"": 0.1344294003868472, ""requested_k"": 1000, ""value_capture"": 0.4143188258659745}, ""k_500"": {""effective_k"": 500, ""hits"": 83, ""observed_late_value_kusd"": 524072.08, ""precision"": 0.166, ""recall"": 0.08027079303675048, ""requested_k"": 500, ""value_capture"": 0.20103314396610328}}",,,,,,,,,,,,
oilseed-soy,track_b1_processed_export_stage_entry,upstream_capacity,100,38,86,34,,,average_precision,0.5317008054078485,0.3953488372093023,0.5317008054078485,0.36120379877712694,0.7300632601315704,0.6419683257918553,global_observed_late_value_capture_at_50,50,0.6662711755285642,"{""k_100"": {""effective_k"": 86, ""hits"": 34, ""observed_late_value_kusd"": 172978.3386, ""precision"": 0.3953488372093023, ""recall"": 1.0, ""requested_k"": 100, ""value_capture"": 1.0}, ""k_25"": {""effective_k"": 25, ""hits"": 16, ""observed_late_value_kusd"": 101879.10900000001, ""precision"": 0.64, ""recall"": 0.47058823529411764, ""requested_k"": 25, ""value_capture"": 0.5889703290282383}, ""k_50"": {""effective_k"": 50, ""hits"": 23, ""observed_late_value_kusd"": 115250.481, ""precision"": 0.46, ""recall"": 0.6764705882352942, ""requested_k"": 50, ""value_capture"": 0.6662711755285642}}",,,,,,,,,,,,
oilseed-soy,track_b1_processed_export_stage_entry,historical_logistic_structural,100,38,86,34,10.0,historical_group_cv_average_precision,average_precision,0.5510724859984112,0.3953488372093023,0.5510724859984112,0.421280682541972,0.736655607707467,0.6572398190045249,global_observed_late_value_capture_at_50,50,0.9745250669207204,"{""k_100"": {""effective_k"": 86, ""hits"": 34, ""observed_late_value_kusd"": 172978.33860000002, ""precision"": 0.3953488372093023, ""recall"": 1.0, ""requested_k"": 100, ""value_capture"": 1.0000000000000002}, ""k_25"": {""effective_k"": 25, ""hits"": 13, ""observed_late_value_kusd"": 92565.3112, ""precision"": 0.52, ""recall"": 0.38235294117647056, ""requested_k"": 25, ""value_capture"": 0.5351266057309675}, ""k_50"": {""effective_k"": 50, ""hits"": 24, ""observed_late_value_kusd"": 168571.727, ""precision"": 0.48, ""recall"": 0.7058823529411765, ""requested_k"": 50, ""value_capture"": 0.9745250669207204}}",,,,,,,,,,,,
oilseed-soy,track_b2_conditional_destination_ranking,processed_importer_demand,4967,69,4776,74,,,per_positive_entry_macro_recall_at_3,0.18341503267973855,,,,,,per_positive_entry_macro_value_capture_at_3,3,0.20864011246914035,,0.008169934640522876,0.02702702702702703,0.00712638768836297,0.06433792514180153,0.18341503267973855,0.16216216216216217,0.20864011246914035,0.33644977209880544,0.2165032679738562,0.1891891891891892,0.23879376521915507,0.33880529246798996
oilseed-soy,track_b2_conditional_destination_ranking,gravity,4967,69,4776,74,,,per_positive_entry_macro_recall_at_3,0.11552287581699347,,,,,,per_positive_entry_macro_value_capture_at_3,3,0.14295415703332773,,0.04387254901960785,0.06756756756756757,0.05173071658470209,0.029478526856425706,0.11552287581699347,0.13513513513513514,0.14295415703332773,0.21539621955878813,0.22663398692810457,0.22972972972972974,0.2765684837725789,0.4055400818839868
oilseed-soy,track_b2_conditional_destination_ranking,historical_logistic_demand_gravity,4967,69,4776,74,0.01,historical_group_cv_per_positive_entry_macro_recall_at_3,per_positive_entry_macro_recall_at_3,0.15008169934640522,,,,,,per_positive_entry_macro_value_capture_at_3,3,0.16333104912257188,,0.04125816993464053,0.06756756756756757,0.0584360706022501,0.0795261147224361,0.15008169934640522,0.13513513513513514,0.16333104912257188,0.08897943710508038,0.19297385620915034,0.1891891891891892,0.2192271910051555,0.34991996044064205
