threshold_kusd,chain,task,candidate_count,positive_count,base_rate,candidate_key_sha256,positive_key_sha256,candidate_overlap_vs_100_intersection,candidate_overlap_vs_100_left_only,candidate_overlap_vs_100_reference_only,candidate_overlap_vs_100_union,candidate_overlap_vs_100_jaccard,candidate_overlap_vs_100_retention_vs_reference,positive_overlap_vs_100_intersection,positive_overlap_vs_100_left_only,positive_overlap_vs_100_reference_only,positive_overlap_vs_100_union,positive_overlap_vs_100_jaccard,positive_overlap_vs_100_retention_vs_reference
50,sheep,a,19411,719,0.03704085312451703,9666c701ba41c846c1897c8e0dba3085e3206f3d5c3575b76e9ae6246a004026,dfc4d7dd0e065eeaf50e565141d97ce797bb1fef048a3d0c736a7120e97d4986,14679,4732,474,19885,0.7381946190595926,0.9687190655315779,410,309,142,861,0.47619047619047616,0.7427536231884058
50,sheep,b1,134,27,0.20149253731343283,512e5cc94342c8543918fc777885ba677c91f28a8ed206c4600abe5f7e671ea2,5e9ad6632f9cb6cf912a70f6d5ab01cac562d1f175f561d41ec5ca403343e75c,115,19,19,153,0.7516339869281046,0.8582089552238806,13,14,7,34,0.38235294117647056,0.65
50,sheep,b2,3180,63,0.01981132075471698,dc37063567d980c9cb2c1096c128af1b882a80c4d7f8024c7e65fff123dac6c7,313cb8956dd1f2a060420e6add67d0b196df85b8143f635fe33970e3192e0f41,1403,1777,596,3776,0.3715572033898305,0.7018509254627313,32,31,14,77,0.4155844155844156,0.6956521739130435
50,cotton,a,125471,3759,0.029959114058228594,0246b41367f43771f8fddc87208ead36109d279db5c3fc390ce2fb0d604f8b16,2ea5a60cbde1b4710fe7372f90e6c04e025b2065b630125796a9c3868323d0e1,104591,20880,3449,128920,0.8112860688799255,0.9680766382821178,2094,1665,990,4749,0.4409349336702464,0.6789883268482491
50,cotton,b1,341,55,0.16129032258064516,9b4e8b95aeeed25a32d663a421f20e124473cf6a582b39e16eb094f7de8c1cfa,75d1787cd70037043e0eeb2a48ec2794a824ddda560c444496383ad1bbf3fe89,286,55,34,375,0.7626666666666667,0.89375,24,31,12,67,0.3582089552238806,0.6666666666666666
50,cotton,b2,9510,72,0.007570977917981073,d064432e7f1885617b299fdc4d6e95436b2d2ea8b89353aa29ced06102963b56,113d45a4a6b21fca253b5add278829811074d67c996cf895e1a705b370a5cd34,3551,5959,1998,11508,0.30856795272853665,0.6399351234456658,28,44,16,88,0.3181818181818182,0.6363636363636364
50,aluminium,a,99262,4209,0.04240293365033951,87a8293bfbf7c671483a0bef72f92767eb315f151e64276d70a7ccd13f1b8da1,345d019581305ebc09b9bd6124080b10f923bdb29c873ec760bbaa3288a4ce1c,78774,20488,2438,101700,0.7745722713864307,0.9699798059400089,2721,1488,766,4975,0.5469346733668342,0.7803269285919128
50,aluminium,b1,362,81,0.22375690607734808,b796855d87adfe2f3f9c46b40e388443b8523716e6a18cf73b54f324f6257d37,3385a21db3354bb88a5c5e4e4ba3ddc84f9ad4394102365614480f167ae1127a,304,58,54,416,0.7307692307692307,0.8491620111731844,47,34,25,106,0.44339622641509435,0.6527777777777778
50,aluminium,b2,12871,199,0.015461114132546033,ace7f01b04713e372e1235d6869ad7f4c60d7f39dff947d8318b53183a289681,3ba49f62515b77ad51bf6c91b16a7a7d850156c4eeac830c2ae76b15ff0a54f8,6809,6062,3752,16623,0.4096131865487577,0.6447306126313797,127,72,54,253,0.5019762845849802,0.7016574585635359
50,nickel,a,32800,1984,0.06048780487804878,c3b8c998416c146e415850f49c936cf2760db89280478402d3a1762805744798,89749223d448607fda08be5d620007b57753f73195af8838466d59c820faf8c2,23682,9118,963,33763,0.7014187127921097,0.9609251369446136,1225,759,339,2323,0.5273353422298752,0.7832480818414322
50,nickel,b1,350,62,0.17714285714285713,6d2ff412588541033d00b6f2f58a0ac17b80672e61e4c81ca78ac570b63a9ea2,888be395e6a1a3a90224a5feaef5abed2c63932802cdebd8807c84ce35ff8ac5,300,50,43,393,0.7633587786259542,0.8746355685131195,47,15,19,81,0.5802469135802469,0.7121212121212122
50,nickel,b2,4996,133,0.026621297037630103,5772132cdfd23f4b0a838533ae2bfa9a43bc528751a3b87437d2ba59b98880cf,e69717653aea3f2a2b9dd849c9779785be1e5ba4fceb464cc3df1236f91b9374,3216,1780,1477,6473,0.49683299860960917,0.6852759428936714,90,43,49,182,0.4945054945054945,0.6474820143884892
50,cocoa,a,73272,3321,0.04532427120864723,244ed67c0734715b11c5285b9980f1d181232d9e39a77691b35d26902ffc1ce6,a935d4917a76a4acfb06dcc891f9490849b74b1d9f449fbaa8d5e198baab9df3,52455,20817,1571,74843,0.700867148564328,0.9709214082108615,1865,1456,687,4008,0.4653193612774451,0.7307993730407524
50,cocoa,b1,283,43,0.1519434628975265,51317351a0d749dcc24e683b994cd2276a7594a108dd9f7b018bc72d3e6dab67,69e81f2d6cdd5ae93aa08fdd84b005c3fae626d42329c72451d1a1f41affdae9,234,49,43,326,0.7177914110429447,0.8447653429602888,21,22,21,64,0.328125,0.5
50,cocoa,b2,6079,74,0.012173054778746504,1c7722ae6693cb428e5ea6606854a05a9d88744683d0e8cb9a0eb1c9b7bb5c2d,04fcae396117cb18c359d503477a87663abdefebc8053b5ad430632cc247a7d4,2734,3345,3121,9200,0.2971739130434783,0.46695132365499575,29,45,43,117,0.24786324786324787,0.4027777777777778
50,oilseed-soy,a,40588,1226,0.03020597220853454,f4af7d14d638fa56b13f420dabf25d663423e355cf9c76c4f6f06217ee6ad38a,a1b8ff9b5990325b5529767d28975a8f6645a60264ed311f0639f365f11515a2,34104,6484,444,41032,0.831156170793527,0.9871483153872872,913,313,121,1347,0.6778025241276912,0.8829787234042553
50,oilseed-soy,b1,90,31,0.34444444444444444,fdba7f03c442856be19321059beff8b85166ba241adf76b9176bc6a7d81edefc,64965ef596725497b5b889b2c92c2fd07595b2a0a54d272bfe2e4989bcc62a8b,74,16,12,102,0.7254901960784313,0.8604651162790697,27,4,7,38,0.7105263157894737,0.7941176470588235
50,oilseed-soy,b2,4687,68,0.014508214209515681,c8cdbc5848a584c6aad9c4a0202e70be3f5323189e0a5fde62fb5daf6b8fbd70,d5ec69160cb60a43f06f2b32d0127f2008ae0100e5425006b6dc4cb8712c408f,3835,852,941,5628,0.6814143567874911,0.8029731993299832,52,16,22,90,0.5777777777777777,0.7027027027027027
100,sheep,a,15153,552,0.03642843001385864,26c38d9224dcbf1f37227e79fb36e27857a0e07be87a471d3b5384ae195007da,55fb7e9d3de277b8ecef3ef56ab3e630ca53955528eb4e39c8e03078df76d073,15153,0,0,15153,1.0,1.0,552,0,0,552,1.0,1.0
100,sheep,b1,134,20,0.14925373134328357,8ba0aa940a16f1514ab8be3490453b8de8dd137107b81740260896edfff23113,6f6cb478883043e4bf0a7fa8128d0071f171d4d5c94b838e9fc991993a5a849e,134,0,0,134,1.0,1.0,20,0,0,20,1.0,1.0
100,sheep,b2,1999,46,0.02301150575287644,30f5087a48025d9b1c4aede1698152e0cd8a35214889757c97b2f2d93f0bb154,1c92fe01a14a45f830b903193c048655ac0685afcadfcf42978177535b4b8079,1999,0,0,1999,1.0,1.0,46,0,0,46,1.0,1.0
100,cotton,a,108040,3084,0.028544983339503886,6f58246e59689850049a5b35bd31baeb098be2b8255a3d341f899f15fa543e3b,7b80a9b5102a5aaa68ce2f9014f9813c7e1d10ecdffb433647a78eac5cac181c,108040,0,0,108040,1.0,1.0,3084,0,0,3084,1.0,1.0
100,cotton,b1,320,36,0.1125,50ba9b8510ef6a53685490da709ca50a8fe31ee49883cc508ef3701e69b08220,b2f1ca1ee31d678dd8957bee31bebfbce43790c99e8acee1c45fc12272406ab3,320,0,0,320,1.0,1.0,36,0,0,36,1.0,1.0
100,cotton,b2,5549,44,0.007929356640836186,eebe266356413af02b0fce5ca10e9b27daccccbae0741e2b86f0a9d1ae99613f,aa987401dea718c3f5a66e32190fae3be256a055160af39280039fac2cdea076,5549,0,0,5549,1.0,1.0,44,0,0,44,1.0,1.0
100,aluminium,a,81212,3487,0.042937004383588634,1d1424974e0fe791ef1fb38ea39a28a0028f4c2fe76688f52bc0312acc02a9be,e01f617e07bd04caa7ebbcc4887a81fd610bac354e6389576ddc073ef5690983,81212,0,0,81212,1.0,1.0,3487,0,0,3487,1.0,1.0
100,aluminium,b1,358,72,0.2011173184357542,01f30582473197095a0acfb091fb0c0ee3bfcd105174174e6bdd2b3b07bdb7b6,fa765282c086b38b5702a45f7e0076c57bb4e34a9efd04439d9d4a5b4b2f1cbb,358,0,0,358,1.0,1.0,72,0,0,72,1.0,1.0
100,aluminium,b2,10561,181,0.017138528548432914,4c9c2b09b1af7f930a58381b52feacf92166a19bfa6ae7c391bbb8e301873d14,57bb7984377184ab132820ca9a8101e9a6c768fd528b1f962723550481337914,10561,0,0,10561,1.0,1.0,181,0,0,181,1.0,1.0
100,nickel,a,24645,1564,0.0634611483059444,a495f6565be1179476ead406bd0e06620fb86eccb911bdbf33a4cce25bc78edf,97dddd7abf4eae99c8e4731d4c28c4cd2dd4aaabb03b06c7d07720521339bfd5,24645,0,0,24645,1.0,1.0,1564,0,0,1564,1.0,1.0
100,nickel,b1,343,66,0.1924198250728863,fdab4d548887b766d6f079ad4928d6b483497d0f2c70f8f36eb4b3430827cb4d,13cf7e64a1f21aa51deda9de02fa466d28a6e8ddbab4c22dea67bdd3b23ba5c9,343,0,0,343,1.0,1.0,66,0,0,66,1.0,1.0
100,nickel,b2,4693,139,0.02961858086511826,fda8c41cab1e489d78b4edaff1961b4443e62e2a0f6ef5cfef8a0f69580ccb82,c79cfe75688ea9e807e0d291b077eb56c6dd47993b506d0b27770399c18a1d3d,4693,0,0,4693,1.0,1.0,139,0,0,139,1.0,1.0
100,cocoa,a,54026,2552,0.04723651575167512,7cba9063cbba721b48d464e5ece43cdabd5792ab6b152d14fad2581942e2dae5,0c358a3a9fad8210547d7d7755977c528982dbe3ebc79555288038dd12181783,54026,0,0,54026,1.0,1.0,2552,0,0,2552,1.0,1.0
100,cocoa,b1,277,42,0.15162454873646208,d59666c14c5015a2aacaab4446e6bf99e6de723d31b2c2adc1fc9277ca242ce1,f7be9c5ba2ebcee23c3ada83d8d4a88a65aac6db2e3b9c3b9137682599bede1f,277,0,0,277,1.0,1.0,42,0,0,42,1.0,1.0
100,cocoa,b2,5855,72,0.012297181895815542,0a054a2170f431b8d4b8e5ef1580493ba5926c92f99317717b2eeb3cebe3afa0,b1ad550768fa13e67a0df0f7d31b6b7d11622ccb18ea36a150cb37e4458326a4,5855,0,0,5855,1.0,1.0,72,0,0,72,1.0,1.0
100,oilseed-soy,a,34548,1034,0.02992937362510131,742049bc086c9dc0296fae5017de54013ad7f650015c302970109f695f5957fc,21205a4512791be1d6b6ac70293788b7011ee11771bb6ae74339c347074d636c,34548,0,0,34548,1.0,1.0,1034,0,0,1034,1.0,1.0
100,oilseed-soy,b1,86,34,0.3953488372093023,d0c6a324e272ecd2bdb756dca11d8dbc2868e62c7487ff2a9564ebe495c125c1,e2a3cf37fc0bcd1d2230ca3ebcfe9443a90c4e96db83e3a4690d70742b37090e,86,0,0,86,1.0,1.0,34,0,0,34,1.0,1.0
100,oilseed-soy,b2,4776,74,0.015494137353433836,c929c2fee19cc1ea38a7db3fad67b2c7f24c42458fbf7670f3806d88cc96ec3a,b58a28adf1c5f88ffdc7e308dafe73f4f2b32812047fc67bb067fa7ad1c0f116,4776,0,0,4776,1.0,1.0,74,0,0,74,1.0,1.0
250,sheep,a,9273,377,0.040655666990186565,a0a51f8e1654ea1e1e65527738de5510381a9a615067b75b8b2a67061ade31b4,34683b0429bc54c2347d1bcce8eb1068018c43943b4503f56a201ec652ec9c6f,8793,480,6360,15633,0.5624640184225677,0.58028113244902,270,107,282,659,0.40971168437025796,0.4891304347826087
250,sheep,b1,136,17,0.125,8a4c92153127b32bda9fdcbce576bb77208b00f0f804b4048b25e9042fb911f9,65d600f99499bd7f27565584e7d1419654efcbbc81982288cf2739dfadee3d47,108,28,26,162,0.6666666666666666,0.8059701492537313,9,8,11,28,0.32142857142857145,0.45
250,sheep,b2,1442,32,0.022191400832177532,25c429a906c5cff61421f9fe9a9945f10cd81c243cf49ef6b13a15a599c5fcce,0c3038ad9954c1defb93fab8860bfc51dffcdc7535540d340003a591158b1e3d,801,641,1198,2640,0.3034090909090909,0.40070035017508754,17,15,29,61,0.2786885245901639,0.3695652173913043
250,cotton,a,84451,2392,0.028324116943553065,065ab1b71723a89ddeca020d630ffafc998d28c36ae6b34b1e01045cf28c8a50,58dcd232645bf0e59cdb7af08deeee8b29d4a2f56554555c041e00c415366bdc,80670,3781,27370,111821,0.7214208422389354,0.7466679007774898,1345,1047,1739,4131,0.32558702493343017,0.4361219195849546
250,cotton,b1,289,23,0.07958477508650519,02d38421ff4fe0411bc5dba7aa6183b00271d8575de495b2be8576384e568f9f,146b5050a1ddd323f4e562e8203e75e426816547f016fdd9e4e82b529183de69,225,64,95,384,0.5859375,0.703125,8,15,28,51,0.1568627450980392,0.2222222222222222
250,cotton,b2,3195,28,0.008763693270735524,b5569fde6a6c60c2483fe5a87439bc977d3941e1297cc6a0ef925214de3f6486,dd41ee7ef6816572d75220938a21abb83b84fb2729ed6192116129922551a795,887,2308,4662,7857,0.11289296169021255,0.1598486213732204,8,20,36,64,0.125,0.18181818181818182
250,aluminium,a,60910,2657,0.04362173698900016,6a0647f15cdd6bf31006cc3b28085d5e9637fa6b3eaf6ded61ef2b625fa183ac,2085cbdd4a0f5de27fe21d06fd4e65faaf1ea97fd5771d5956073cc860f57c0f,58164,2746,23048,83958,0.6927749589080254,0.7161995764172783,1790,867,1697,4354,0.4111162149747359,0.5133352451964439
250,aluminium,b1,338,57,0.16863905325443787,30dae43fb200831cb563378613774c1b15177ae05828d5074f7ec67618719e81,c11e764446d98c093b6c64c88adf0dc6f42ba29442a242c8c16dea9ec47fad5f,282,56,76,414,0.6811594202898551,0.7877094972067039,38,19,34,91,0.4175824175824176,0.5277777777777778
250,aluminium,b2,7124,170,0.02386299831555306,8be4877c3ce09c7d54ff9c45998a8f6291fc08aaf01d65d566f3110be6e6b2e2,9360ed8c275a64d240e91bd4367cf30ab130c3460f0ff4e8cc265e8af3d73e5b,4784,2340,5777,12901,0.3708239671343307,0.452987406495597,112,58,69,239,0.4686192468619247,0.6187845303867403
250,nickel,a,17416,1115,0.06402158934313275,c0bfa1babf0623fffebee29b592ad9a5278d8ee86a20bff6fc7a0571c978a094,350918ec11674d88742a7e99bc9e039843edf7860060a5f67259a1a0ef509705,16401,1015,8244,25660,0.639166017147311,0.6654899573950092,781,334,783,1898,0.41148577449947316,0.4993606138107417
250,nickel,b1,334,59,0.17664670658682635,733dac3c1bb1df3a566551e354b80f356f47e102b42b7910f2d6c7e6072dcb28,6f08bf629a58f17123e7f9f9f30ed59b39f8bb9c7af66816dec3089f6834f06c,293,41,50,384,0.7630208333333334,0.8542274052478134,40,19,26,85,0.47058823529411764,0.6060606060606061
250,nickel,b2,3419,108,0.031588183679438435,d1dd6f35a78766dfe60789b4e9c1ed57688f4455df9f1e25c30c17828fbb818a,837c4893e8c4c0cdd654e7e8c2494cc5d12565ad40bc6f667ab48c71a5def9df,2326,1093,2367,5786,0.40200483926719666,0.49563179203068397,73,35,66,174,0.41954022988505746,0.5251798561151079
250,cocoa,a,35822,1784,0.04980179777790185,9777130fbc23c479383b591a5feb84bd887929807ac37cc72a306fc971b4848e,9639a24946d88a1a2e74b9ed54ee67e50fa1f0f966d68fc89d4dc82298d0f3bc,34142,1680,19884,55706,0.6128962768822029,0.6319549846370266,1112,672,1440,3224,0.34491315136476425,0.43573667711598746
250,cocoa,b1,281,43,0.15302491103202848,f7ea7e7a04571639afb5cf592f550b192445cd248d1279a25e6efff7d1c2e459,f85549fb0f9e712b8f657ab9b39aa4ee15d7f1e8d957f8d4c9255cf3f85d1cb9,234,47,43,324,0.7222222222222222,0.8447653429602888,17,26,25,68,0.25,0.40476190476190477
250,cocoa,b2,5016,73,0.014553429027113238,ff74bfa0dccf1afb04d1060165c29d76719f92320cf04a4247cbc02e5355febe,b818e75fd1149d4ed3f1d6a6d66890eeaae52909a3e8615b82f67ad59379de2d,2072,2944,3783,8799,0.2354813046937152,0.3538855678906917,23,50,49,122,0.1885245901639344,0.3194444444444444
250,oilseed-soy,a,24398,714,0.0292646938273629,336187004e0d14ab02db6b1e83c3959db939f7d567c2d1cdd48fae6394d3ce01,4677a14e17b873c72a4abe74eac2397f1af5418263be01035669353389632f10,23956,442,10592,34990,0.6846527579308374,0.693412064374204,588,126,446,1160,0.506896551724138,0.5686653771760155
250,oilseed-soy,b1,82,34,0.4146341463414634,f834cbd92463d6a025e06d13f928daeff975fa12545ef69457631f033047f351,5f5e1b8b98ce31ec5695a0d12c5f995ec05f8d57da88c5dc573be3686026fffd,56,26,30,112,0.5,0.6511627906976745,17,17,17,51,0.3333333333333333,0.5
250,oilseed-soy,b2,4312,81,0.0187847866419295,b43ed6126f9cb50385856021aa1d78698534c3c8b2d658b8a1c8a331df0fb65c,42e76bc2c9d3025a4e10540b704ab421c9ef808bcfdff170b8cad8569302ab6e,2133,2179,2643,6955,0.30668583752695905,0.44660804020100503,35,46,39,120,0.2916666666666667,0.47297297297297297
