scope,unit,chain,track,family,primary_metric,mean,std,n,seed_values_json,selected_model,selected_hyperparameters_json,target_rows,target_positive_lanes,history_candidate_sha256,target_candidate_sha256,selection_sha256,metric_artifact_sha256,score_artifact_sha256,manifest_sha256,run_config_sha256,post_freeze_semantic_attestation_sha256,nbfnet_source_evidence_sha256,metric_recomputation_source_sha256,run_id
chain,five_seeds,sheep,a,kge,lane_average_precision,0.15661341888653005,0.0066652497734628778,5,"[0.16060938313425357,0.15779143497286333,0.14436072908482225,0.163999190739176,0.156306356501535]",RotatE,"{""batch_size"":2048,""embedding_dim"":128,""epochs"":150,""learning_rate"":0.01}",15153,552,b10bba638f60fbac6f2b35992a13122affbb50fe785060ba1f20be96d00e540c,84a1b20792abdea98fc601d01c080d4e0f44743b97fabf5307b86d4182bf6674,3f5769a8c875eeec831484b0a535a618399f0500629e7b2b9143f8ca24cb94b5,11b8f8fb4774495549514597b2f3bc4f82e876b51deb2b362406502910e7ae2e,f1f496b2ae6b3c027ad002875c2f17664180e8ad093ff153a7d3df554b53669a,99db18daeb5cb4680c5f4a610c08bd3ec29b63644ad9a98022f36fd541b1647c,d7b7a94d1daa490a7d8127c4f1662a8e33a1f76501b54563532508ce501b7bd4,bd5b5e79cd72ed3b177ec29f5b4cd60a56a7011e74b483dc876cbc9f42990a8c,db8a34e58d88c093b913634d4c5b27b39ef0a9c5a4222a4c7424e41ae46b3768,8508a05935ea1253275f3226e30a30af9fc613b4b1c4ffcd2c6f8bcd0d4a050d,v2.1-gpu-rolling-oa-full-20260716-r1
chain,five_seeds,sheep,b1,kge,entry_average_precision,0.37126751102321431,0.056529249778393069,5,"[0.407256148938431,0.4002757035901212,0.34036714891492587,0.27578138372543776,0.4326571699471561]",RGCN,"{""batch_size"":2048,""embedding_dim"":64,""epochs"":150,""learning_rate"":0.005}",11072,46,a8c29cad8557a74e796201edcc6c2c24490fe07a0fd79dd6572474e1dd386ffe,766ee136a8529a39b9302ee0fec75f5839884b920c5ae926c8b2134077a31bca,a888fb839d6a3f46860618dd96f9acf95c405479d6395a7bcbf2c57b57593c0e,68f394a329658e6a526de39fa3bb23a64c2eea07e390246a19e97fcedffb211c,a601288101b42f80be2c2f86da55d6e21d9b0fdeb87e49d91f8973efbf7d665f,99db18daeb5cb4680c5f4a610c08bd3ec29b63644ad9a98022f36fd541b1647c,d7b7a94d1daa490a7d8127c4f1662a8e33a1f76501b54563532508ce501b7bd4,bd5b5e79cd72ed3b177ec29f5b4cd60a56a7011e74b483dc876cbc9f42990a8c,db8a34e58d88c093b913634d4c5b27b39ef0a9c5a4222a4c7424e41ae46b3768,8508a05935ea1253275f3226e30a30af9fc613b4b1c4ffcd2c6f8bcd0d4a050d,v2.1-gpu-rolling-oa-full-20260716-r1
chain,five_seeds,sheep,b2,kge,conditional_recall_at_3,0.051111111111111107,0.03883329359400288,5,"[0.01944444444444444,0.02222222222222222,0.016666666666666666,0.1,0.09722222222222222]",DistMult,"{""batch_size"":2048,""embedding_dim"":64,""epochs"":150,""learning_rate"":0.01}",11072,46,a8c29cad8557a74e796201edcc6c2c24490fe07a0fd79dd6572474e1dd386ffe,766ee136a8529a39b9302ee0fec75f5839884b920c5ae926c8b2134077a31bca,50a11a9ca46385adc3c37f24c9a2516cc065d2e1a47a4dacda75cdaead3e4ee4,06d222c38fdc7ceb574588eb1f188be4c8da013cc1dea5af5179f1b6d3a112b0,c9e1030a9764f0a3c1f4eac378412910a12d8f7b7e5da9b79d0afa1648d45ff7,99db18daeb5cb4680c5f4a610c08bd3ec29b63644ad9a98022f36fd541b1647c,d7b7a94d1daa490a7d8127c4f1662a8e33a1f76501b54563532508ce501b7bd4,bd5b5e79cd72ed3b177ec29f5b4cd60a56a7011e74b483dc876cbc9f42990a8c,db8a34e58d88c093b913634d4c5b27b39ef0a9c5a4222a4c7424e41ae46b3768,8508a05935ea1253275f3226e30a30af9fc613b4b1c4ffcd2c6f8bcd0d4a050d,v2.1-gpu-rolling-oa-full-20260716-r1
chain,five_seeds,sheep,a,nbfnet,lane_average_precision,0.10754951439096749,0.008475072042051425,5,"[0.12288208381219982,0.10583774393637219,0.10424952469899439,0.09705212074134821,0.10772609876592282]",NBFNet,"{""batch_size"":64,""epochs"":25,""layers"":4,""learning_rate"":0.005,""negatives"":32}",15153,552,b10bba638f60fbac6f2b35992a13122affbb50fe785060ba1f20be96d00e540c,84a1b20792abdea98fc601d01c080d4e0f44743b97fabf5307b86d4182bf6674,8e79f9bf5aeb13419ef6b6625d510b6d46b6fc53275d1f15112cdb2078ca361f,0c1a735baf385378e1cab1e39308077cb9e0cae123ae4383a7abe65661d7a5d5,e24e1401d28c97c2b5a5f6ab565eecd4eb8c2169fac0cfc09c1a0753a834d41f,99db18daeb5cb4680c5f4a610c08bd3ec29b63644ad9a98022f36fd541b1647c,d7b7a94d1daa490a7d8127c4f1662a8e33a1f76501b54563532508ce501b7bd4,bd5b5e79cd72ed3b177ec29f5b4cd60a56a7011e74b483dc876cbc9f42990a8c,db8a34e58d88c093b913634d4c5b27b39ef0a9c5a4222a4c7424e41ae46b3768,8508a05935ea1253275f3226e30a30af9fc613b4b1c4ffcd2c6f8bcd0d4a050d,v2.1-gpu-rolling-oa-full-20260716-r1
chain,five_seeds,sheep,b1,nbfnet,entry_average_precision,0.15665995383096254,0.0092540234100281105,5,"[0.16473047462178514,0.1529296470190858,0.14382543262018424,0.16951915392946956,0.15229506096428796]",NBFNet,"{""batch_size"":64,""epochs"":25,""layers"":4,""learning_rate"":0.001,""negatives"":32}",11072,46,a8c29cad8557a74e796201edcc6c2c24490fe07a0fd79dd6572474e1dd386ffe,766ee136a8529a39b9302ee0fec75f5839884b920c5ae926c8b2134077a31bca,b0ceff2ba58aadbad08ee14508bc361732ac2819bc28e5f09b3f4d330cf7f39c,64103feea96f07ba9bdcbc4c080b23577760645d86915fc5d413c972902e8846,3c70df9ae8b0be0f11aab3cb32b9b3288957cd2ec81718eeb70ce17ce139228c,99db18daeb5cb4680c5f4a610c08bd3ec29b63644ad9a98022f36fd541b1647c,d7b7a94d1daa490a7d8127c4f1662a8e33a1f76501b54563532508ce501b7bd4,bd5b5e79cd72ed3b177ec29f5b4cd60a56a7011e74b483dc876cbc9f42990a8c,db8a34e58d88c093b913634d4c5b27b39ef0a9c5a4222a4c7424e41ae46b3768,8508a05935ea1253275f3226e30a30af9fc613b4b1c4ffcd2c6f8bcd0d4a050d,v2.1-gpu-rolling-oa-full-20260716-r1
chain,five_seeds,sheep,b2,nbfnet,conditional_recall_at_3,0.41888888888888881,0.055705353600467203,5,"[0.4527777777777778,0.4194444444444444,0.3277777777777778,0.39999999999999997,0.49444444444444435]",NBFNet,"{""batch_size"":64,""epochs"":25,""layers"":4,""learning_rate"":0.001,""negatives"":32}",11072,46,a8c29cad8557a74e796201edcc6c2c24490fe07a0fd79dd6572474e1dd386ffe,766ee136a8529a39b9302ee0fec75f5839884b920c5ae926c8b2134077a31bca,703c398eb258009c503d108826d8e52da7b35d9e05d964cd2a1e843c231867fc,bccc73311bc625f5d452926de74500d91818c575fa32b5e0f436fb05d3763f01,8f97408aca1ccaef2efdf69fc92f81ee7a00404d6be75d9f23e6527e9a46e263,99db18daeb5cb4680c5f4a610c08bd3ec29b63644ad9a98022f36fd541b1647c,d7b7a94d1daa490a7d8127c4f1662a8e33a1f76501b54563532508ce501b7bd4,bd5b5e79cd72ed3b177ec29f5b4cd60a56a7011e74b483dc876cbc9f42990a8c,db8a34e58d88c093b913634d4c5b27b39ef0a9c5a4222a4c7424e41ae46b3768,8508a05935ea1253275f3226e30a30af9fc613b4b1c4ffcd2c6f8bcd0d4a050d,v2.1-gpu-rolling-oa-full-20260716-r1
chain,five_seeds,cotton,a,kge,lane_average_precision,0.11374189562050345,0.0049883628164408816,5,"[0.116298535660247,0.12182457434087009,0.10759268901899435,0.10997050096043015,0.1130231781219757]",RotatE,"{""batch_size"":2048,""embedding_dim"":64,""epochs"":150,""learning_rate"":0.005}",108040,3084,3334b9bd03803cae1b05c37f74380e97be46309a899a65a8ad9ce20f2afbbabe,4e7b9724d34ab830a06cc356feaecb24db8f5fa9081401fe46c1cfbfe9a22373,a4c17a017db832ffb430be5a2517380fe0af778046aca1c901184fa6b1d911b5,ed87617a858b2c7804bba7c7280c80a02129b95f8ec227788168d666ee6f5243,83fcb1857d248f39d3832abd90bbb2213220e370bf2f92777d412add5a1b3eb6,99db18daeb5cb4680c5f4a610c08bd3ec29b63644ad9a98022f36fd541b1647c,d7b7a94d1daa490a7d8127c4f1662a8e33a1f76501b54563532508ce501b7bd4,bd5b5e79cd72ed3b177ec29f5b4cd60a56a7011e74b483dc876cbc9f42990a8c,db8a34e58d88c093b913634d4c5b27b39ef0a9c5a4222a4c7424e41ae46b3768,8508a05935ea1253275f3226e30a30af9fc613b4b1c4ffcd2c6f8bcd0d4a050d,v2.1-gpu-rolling-oa-full-20260716-r1
chain,five_seeds,cotton,b1,kge,entry_average_precision,0.27099109786796505,0.033221522561350476,5,"[0.26383782344516715,0.22697795612988309,0.3063314655122003,0.24607236665394056,0.3117358775986341]",RotatE,"{""batch_size"":2048,""embedding_dim"":128,""epochs"":150,""learning_rate"":0.005}",50725,44,3396df9922af8447cacdcd3994e5053fdee0fe2ee870c4ab8aba532ad5767a71,09cf7fb3d24e0b8a5241ed92d19c0531f3d1560d39e72ee64100d4a4fe70fa9d,ed972ed6fd81ec7bef05d00ab3cc3b07aea4a1c0823d89ad27caadc5a981599c,0d1ec95ed6a3f0d1204d39a35c14fff1bb7e1127f52e47118c6783619cceae4d,83e6b9933c6efbb13775b19050567c2fbcad2776de0abaae1604897118037cb1,99db18daeb5cb4680c5f4a610c08bd3ec29b63644ad9a98022f36fd541b1647c,d7b7a94d1daa490a7d8127c4f1662a8e33a1f76501b54563532508ce501b7bd4,bd5b5e79cd72ed3b177ec29f5b4cd60a56a7011e74b483dc876cbc9f42990a8c,db8a34e58d88c093b913634d4c5b27b39ef0a9c5a4222a4c7424e41ae46b3768,8508a05935ea1253275f3226e30a30af9fc613b4b1c4ffcd2c6f8bcd0d4a050d,v2.1-gpu-rolling-oa-full-20260716-r1
chain,five_seeds,cotton,b2,kge,conditional_recall_at_3,0.36388888888888882,0.064788354387169997,5,"[0.4166666666666667,0.2777777777777778,0.3333333333333333,0.3333333333333333,0.4583333333333333]",RotatE,"{""batch_size"":2048,""embedding_dim"":64,""epochs"":150,""learning_rate"":0.01}",50725,44,3396df9922af8447cacdcd3994e5053fdee0fe2ee870c4ab8aba532ad5767a71,09cf7fb3d24e0b8a5241ed92d19c0531f3d1560d39e72ee64100d4a4fe70fa9d,413534a0a924c7e953fa5a70f855489d133f9f77fd1796e5df7fba0a5ff82b76,2c61891ecbc6e86953672e0f41c7f4bb47e379e68c0171a18ac1af3ba0a8fb3b,0d87431bd7560b9be07474012d195e3e4a16789b2ac758f0c6520b04736b1bb8,99db18daeb5cb4680c5f4a610c08bd3ec29b63644ad9a98022f36fd541b1647c,d7b7a94d1daa490a7d8127c4f1662a8e33a1f76501b54563532508ce501b7bd4,bd5b5e79cd72ed3b177ec29f5b4cd60a56a7011e74b483dc876cbc9f42990a8c,db8a34e58d88c093b913634d4c5b27b39ef0a9c5a4222a4c7424e41ae46b3768,8508a05935ea1253275f3226e30a30af9fc613b4b1c4ffcd2c6f8bcd0d4a050d,v2.1-gpu-rolling-oa-full-20260716-r1
chain,five_seeds,cotton,a,nbfnet,lane_average_precision,0.14239650967899004,0.015772908677367987,5,"[0.1343521220545416,0.16257782328216341,0.15282628723839886,0.14540506708072995,0.11682124873911633]",NBFNet,"{""batch_size"":64,""epochs"":25,""layers"":6,""learning_rate"":0.005,""negatives"":32}",108040,3084,3334b9bd03803cae1b05c37f74380e97be46309a899a65a8ad9ce20f2afbbabe,4e7b9724d34ab830a06cc356feaecb24db8f5fa9081401fe46c1cfbfe9a22373,b283ccec45da119d400f52e91d6bda18bf6abe2207c4c9fbf43648fc8b08daaf,ec27b67a5097e2c417413e63e54ac3c8ae92f680fb42d2ea730ab6c50c330cf6,abf191c3324958557e8743b530b21558d325e6c67332fa549c2765f18815cfeb,99db18daeb5cb4680c5f4a610c08bd3ec29b63644ad9a98022f36fd541b1647c,d7b7a94d1daa490a7d8127c4f1662a8e33a1f76501b54563532508ce501b7bd4,bd5b5e79cd72ed3b177ec29f5b4cd60a56a7011e74b483dc876cbc9f42990a8c,db8a34e58d88c093b913634d4c5b27b39ef0a9c5a4222a4c7424e41ae46b3768,8508a05935ea1253275f3226e30a30af9fc613b4b1c4ffcd2c6f8bcd0d4a050d,v2.1-gpu-rolling-oa-full-20260716-r1
chain,five_seeds,cotton,b1,nbfnet,entry_average_precision,0.26415129218559824,0.017567513609778738,5,"[0.23969626228043361,0.2934597855789627,0.25804100598142027,0.269674905292788,0.2598845017943865]",NBFNet,"{""batch_size"":64,""epochs"":25,""layers"":6,""learning_rate"":0.001,""negatives"":32}",50725,44,3396df9922af8447cacdcd3994e5053fdee0fe2ee870c4ab8aba532ad5767a71,09cf7fb3d24e0b8a5241ed92d19c0531f3d1560d39e72ee64100d4a4fe70fa9d,c60c03d4c14fd73b2ff73927a21fab4933b6b0adaaed040d54edf88d2a63599c,0b3e95909042ff01fcf44e11006b789c435cd462d9f6c9aeae61475c737d24f2,3488e4ad334f2c38ca3e2477d0aa9f5f1fc730482e62f59ac9d78be93bf2038f,99db18daeb5cb4680c5f4a610c08bd3ec29b63644ad9a98022f36fd541b1647c,d7b7a94d1daa490a7d8127c4f1662a8e33a1f76501b54563532508ce501b7bd4,bd5b5e79cd72ed3b177ec29f5b4cd60a56a7011e74b483dc876cbc9f42990a8c,db8a34e58d88c093b913634d4c5b27b39ef0a9c5a4222a4c7424e41ae46b3768,8508a05935ea1253275f3226e30a30af9fc613b4b1c4ffcd2c6f8bcd0d4a050d,v2.1-gpu-rolling-oa-full-20260716-r1
chain,five_seeds,cotton,b2,nbfnet,conditional_recall_at_3,0.57314814814814807,0.036617999876454067,5,"[0.6203703703703703,0.5879629629629629,0.5648148148148148,0.5092592592592592,0.5833333333333334]",NBFNet,"{""batch_size"":64,""epochs"":25,""layers"":6,""learning_rate"":0.001,""negatives"":32}",50725,44,3396df9922af8447cacdcd3994e5053fdee0fe2ee870c4ab8aba532ad5767a71,09cf7fb3d24e0b8a5241ed92d19c0531f3d1560d39e72ee64100d4a4fe70fa9d,8c4a30b3788c71623bf5a4041ce2295063e4f909afc395b2e64121c348bc1b7d,e5d9406724d7d482c2abb25dbd4b6b4ba3063b1b53221236b5143476ba0683c2,00e3800c90cc3f34d6e6519cca5cefc6fbf24f45b90a03d12ea3c7385789fc31,99db18daeb5cb4680c5f4a610c08bd3ec29b63644ad9a98022f36fd541b1647c,d7b7a94d1daa490a7d8127c4f1662a8e33a1f76501b54563532508ce501b7bd4,bd5b5e79cd72ed3b177ec29f5b4cd60a56a7011e74b483dc876cbc9f42990a8c,db8a34e58d88c093b913634d4c5b27b39ef0a9c5a4222a4c7424e41ae46b3768,8508a05935ea1253275f3226e30a30af9fc613b4b1c4ffcd2c6f8bcd0d4a050d,v2.1-gpu-rolling-oa-full-20260716-r1
chain,five_seeds,aluminium,a,kge,lane_average_precision,0.21229646967300919,0.0040510799130808166,5,"[0.21045624987477587,0.2150454000973588,0.20993277306654623,0.20734647813311988,0.21870144719324525]",RotatE,"{""batch_size"":2048,""embedding_dim"":128,""epochs"":150,""learning_rate"":0.005}",81212,3487,6f8eb34a81e8f509a1126cc60c8a18b077b6f3920a32f383e591513cd2f9f649,9c1f76f8e19f792f6bcc6d3b7f25a184236cd025aac238cfbe2f7fd17d0972df,9107e9378b00828e6682d9b5ecaffa00ebfc17e612961bb80441fbcf3af1084a,0f8d50495354857a209b7605e2d0c9fc05d553cc383495866db37b4be5679622,071905a6a362b19bf41518982ca04e3f10db6c6c44fa1fe5d8f488722bf518cf,99db18daeb5cb4680c5f4a610c08bd3ec29b63644ad9a98022f36fd541b1647c,d7b7a94d1daa490a7d8127c4f1662a8e33a1f76501b54563532508ce501b7bd4,bd5b5e79cd72ed3b177ec29f5b4cd60a56a7011e74b483dc876cbc9f42990a8c,db8a34e58d88c093b913634d4c5b27b39ef0a9c5a4222a4c7424e41ae46b3768,8508a05935ea1253275f3226e30a30af9fc613b4b1c4ffcd2c6f8bcd0d4a050d,v2.1-gpu-rolling-oa-full-20260716-r1
chain,five_seeds,aluminium,b1,kge,entry_average_precision,0.36054315298654788,0.014449092651963497,5,"[0.3823897383092646,0.3673787331869598,0.35353818669959264,0.36056417834684695,0.3388449283900753]",DistMult,"{""batch_size"":2048,""embedding_dim"":128,""epochs"":150,""learning_rate"":0.01}",49559,181,475b561b7c0eada0d4c60b38a60f1a4566979350b100c88035a3b55f591b5422,3022bd78b4f689c4235632cb3974fb22ca1021a48df94f8ecb00c433d2b4d5ed,1f812166b6053121abb99a871620be3327e9596af80aa320ce3216d911d18268,89736c7cf693c8d4cac181b0092865bf2bb03aaae5a6ce4156d20bb718c243c4,a03a74315da06bcf487ff1d25068ad6f620da2fd02d15739416b67c2385eddf0,99db18daeb5cb4680c5f4a610c08bd3ec29b63644ad9a98022f36fd541b1647c,d7b7a94d1daa490a7d8127c4f1662a8e33a1f76501b54563532508ce501b7bd4,bd5b5e79cd72ed3b177ec29f5b4cd60a56a7011e74b483dc876cbc9f42990a8c,db8a34e58d88c093b913634d4c5b27b39ef0a9c5a4222a4c7424e41ae46b3768,8508a05935ea1253275f3226e30a30af9fc613b4b1c4ffcd2c6f8bcd0d4a050d,v2.1-gpu-rolling-oa-full-20260716-r1
chain,five_seeds,aluminium,b2,kge,conditional_recall_at_3,0.19327905491698597,0.018241388448856918,5,"[0.22782567049808428,0.1907114729672201,0.17464612601106852,0.1829022988505747,0.19030970625798213]",TransE,"{""batch_size"":2048,""embedding_dim"":128,""epochs"":150,""learning_rate"":0.005}",49559,181,475b561b7c0eada0d4c60b38a60f1a4566979350b100c88035a3b55f591b5422,3022bd78b4f689c4235632cb3974fb22ca1021a48df94f8ecb00c433d2b4d5ed,54545be387a6d6c18cb22e53c935f361e9e560d7f11c06a3a5a12034b5ba717a,e38a8060e6e610c7d8b148e4b35ec6ae64a3b3677d5e015c974ac44630520aaf,ed38b1caae43c1ef23ee67e864f9d3039c3cb2e0e9d394a289f2081d0b4cb84b,99db18daeb5cb4680c5f4a610c08bd3ec29b63644ad9a98022f36fd541b1647c,d7b7a94d1daa490a7d8127c4f1662a8e33a1f76501b54563532508ce501b7bd4,bd5b5e79cd72ed3b177ec29f5b4cd60a56a7011e74b483dc876cbc9f42990a8c,db8a34e58d88c093b913634d4c5b27b39ef0a9c5a4222a4c7424e41ae46b3768,8508a05935ea1253275f3226e30a30af9fc613b4b1c4ffcd2c6f8bcd0d4a050d,v2.1-gpu-rolling-oa-full-20260716-r1
chain,five_seeds,aluminium,a,nbfnet,lane_average_precision,0.19845090024820636,0.0099352458462494218,5,"[0.18148952700432752,0.20673339595758478,0.1934325289193568,0.2022774170852919,0.2083216322744708]",NBFNet,"{""batch_size"":64,""epochs"":25,""layers"":4,""learning_rate"":0.005,""negatives"":32}",81212,3487,6f8eb34a81e8f509a1126cc60c8a18b077b6f3920a32f383e591513cd2f9f649,9c1f76f8e19f792f6bcc6d3b7f25a184236cd025aac238cfbe2f7fd17d0972df,79019e115a4fbbb8f5d385dd5b1de9aca4a800f02bf6b9a556766e629197dca3,43355384170f85cf9997ab0e0c7512bbaa875b27f6628879b63ab63856e2e50d,87569afe85aa127695cd2ea1ec6b2768150730b002d1fb86fbd144c73ee1a08a,99db18daeb5cb4680c5f4a610c08bd3ec29b63644ad9a98022f36fd541b1647c,d7b7a94d1daa490a7d8127c4f1662a8e33a1f76501b54563532508ce501b7bd4,bd5b5e79cd72ed3b177ec29f5b4cd60a56a7011e74b483dc876cbc9f42990a8c,db8a34e58d88c093b913634d4c5b27b39ef0a9c5a4222a4c7424e41ae46b3768,8508a05935ea1253275f3226e30a30af9fc613b4b1c4ffcd2c6f8bcd0d4a050d,v2.1-gpu-rolling-oa-full-20260716-r1
chain,five_seeds,aluminium,b1,nbfnet,entry_average_precision,0.29512072557887142,0.035832294107377372,5,"[0.2587338720985245,0.3363892342431977,0.26541345032276986,0.3407148231297781,0.2743522481000871]",NBFNet,"{""batch_size"":64,""epochs"":25,""layers"":4,""learning_rate"":0.005,""negatives"":32}",49559,181,475b561b7c0eada0d4c60b38a60f1a4566979350b100c88035a3b55f591b5422,3022bd78b4f689c4235632cb3974fb22ca1021a48df94f8ecb00c433d2b4d5ed,a3040064a1837c8b39739f5c42b1cba0fac713654f4d508404bad42ebfccae70,238a076e7c7d39d7d72a9dddc77528e330741b88f76d84aee324e6b4e0df0f13,896c6fedbdfda7675259b1fbf672cd5d675cb68181825e4202276b567c54f666,99db18daeb5cb4680c5f4a610c08bd3ec29b63644ad9a98022f36fd541b1647c,d7b7a94d1daa490a7d8127c4f1662a8e33a1f76501b54563532508ce501b7bd4,bd5b5e79cd72ed3b177ec29f5b4cd60a56a7011e74b483dc876cbc9f42990a8c,db8a34e58d88c093b913634d4c5b27b39ef0a9c5a4222a4c7424e41ae46b3768,8508a05935ea1253275f3226e30a30af9fc613b4b1c4ffcd2c6f8bcd0d4a050d,v2.1-gpu-rolling-oa-full-20260716-r1
chain,five_seeds,aluminium,b2,nbfnet,conditional_recall_at_3,0.31376383567475524,0.028559879642285332,5,"[0.2808189655172414,0.3669460408684546,0.3076867816091954,0.3029799914857386,0.31038739889314604]",NBFNet,"{""batch_size"":64,""epochs"":25,""layers"":4,""learning_rate"":0.005,""negatives"":32}",49559,181,475b561b7c0eada0d4c60b38a60f1a4566979350b100c88035a3b55f591b5422,3022bd78b4f689c4235632cb3974fb22ca1021a48df94f8ecb00c433d2b4d5ed,868aacedcb5b4ce2e1d410bd2380b8dedbb0036e4923369bf1c0f225d201983e,a93dd0ba09f018dba6f7468299ddfdf53f3cc47deb02afd722eb10ba288a6bef,b842d341fbbb00d98dd444940f1d20f6ec6b1b4b071cbe4af47a5df1e4a7bab8,99db18daeb5cb4680c5f4a610c08bd3ec29b63644ad9a98022f36fd541b1647c,d7b7a94d1daa490a7d8127c4f1662a8e33a1f76501b54563532508ce501b7bd4,bd5b5e79cd72ed3b177ec29f5b4cd60a56a7011e74b483dc876cbc9f42990a8c,db8a34e58d88c093b913634d4c5b27b39ef0a9c5a4222a4c7424e41ae46b3768,8508a05935ea1253275f3226e30a30af9fc613b4b1c4ffcd2c6f8bcd0d4a050d,v2.1-gpu-rolling-oa-full-20260716-r1
chain,five_seeds,nickel,a,kge,lane_average_precision,0.23431555306129645,0.0068002892376274526,5,"[0.23190214864516917,0.24072490452359788,0.22550731929656917,0.24361920784676894,0.22982418499437698]",RotatE,"{""batch_size"":2048,""embedding_dim"":128,""epochs"":150,""learning_rate"":0.005}",24645,1564,16cf742cfd226819684cc2b9895a70ac8c449a1ff55ea27904fe0a534425d62f,0ebad7822622a459de3367181b93c9c65ba6daa87e51743b107134e5003c516f,e51d6faffc9ccca948d17ed6a60d9653ae51d45fd3c6f9d9ff86882198e72312,cdd819efae1d440de7566c020d88fa87052d1a89f559ec2c193d13144d7d4cfb,d57f69302ef6b8697802d8edd5fa938046b159d731cd98e8871a376969c83c74,99db18daeb5cb4680c5f4a610c08bd3ec29b63644ad9a98022f36fd541b1647c,d7b7a94d1daa490a7d8127c4f1662a8e33a1f76501b54563532508ce501b7bd4,bd5b5e79cd72ed3b177ec29f5b4cd60a56a7011e74b483dc876cbc9f42990a8c,db8a34e58d88c093b913634d4c5b27b39ef0a9c5a4222a4c7424e41ae46b3768,8508a05935ea1253275f3226e30a30af9fc613b4b1c4ffcd2c6f8bcd0d4a050d,v2.1-gpu-rolling-oa-full-20260716-r1
chain,five_seeds,nickel,b1,kge,entry_average_precision,0.399109937478351,0.032824401686259573,5,"[0.39609008964806686,0.42501250551335457,0.3667112723985809,0.4463661105612856,0.36136970927046713]",RGCN,"{""batch_size"":2048,""embedding_dim"":128,""epochs"":150,""learning_rate"":0.005}",25003,139,182d002e10bfd4bb20d8ff0f552aed2eef65163f399540b2e0b2b3b3ad53a1ec,77b0e4a0aeb8e7839e6aee399c32137ac8d4f568f1afc27532efab8f9737e5a2,613a6c8ce5ee5fc566aa983e5642a2a17ec047fd2085806c39a5f0796b711f57,6d683484b078b87bcd75e6b8a879cda725362280a66adedce4d15b70da48d535,0c8fa6ac974ca1b3c67b4dfcffddcc316ae6b4ac2d5b89a37d1ebf36fff828b9,99db18daeb5cb4680c5f4a610c08bd3ec29b63644ad9a98022f36fd541b1647c,d7b7a94d1daa490a7d8127c4f1662a8e33a1f76501b54563532508ce501b7bd4,bd5b5e79cd72ed3b177ec29f5b4cd60a56a7011e74b483dc876cbc9f42990a8c,db8a34e58d88c093b913634d4c5b27b39ef0a9c5a4222a4c7424e41ae46b3768,8508a05935ea1253275f3226e30a30af9fc613b4b1c4ffcd2c6f8bcd0d4a050d,v2.1-gpu-rolling-oa-full-20260716-r1
chain,five_seeds,nickel,b2,kge,conditional_recall_at_3,0.20205710955710954,0.043909690498777722,5,"[0.20126262626262625,0.1305846930846931,0.2675505050505051,0.2159090909090909,0.19497863247863245]",TransE,"{""batch_size"":2048,""embedding_dim"":128,""epochs"":150,""learning_rate"":0.005}",25003,139,182d002e10bfd4bb20d8ff0f552aed2eef65163f399540b2e0b2b3b3ad53a1ec,77b0e4a0aeb8e7839e6aee399c32137ac8d4f568f1afc27532efab8f9737e5a2,b63022eee4f63c39b284ca374b9d3186433c4d3807ba482fb4b49433ba820e8a,25af26f479c1e923d474ff4eca6492cef8b0945cf69f23f42a9ba20a183d7856,0bc2039567d87fa2519af41efe07e25e192f9d920f4911900806409e60a380ab,99db18daeb5cb4680c5f4a610c08bd3ec29b63644ad9a98022f36fd541b1647c,d7b7a94d1daa490a7d8127c4f1662a8e33a1f76501b54563532508ce501b7bd4,bd5b5e79cd72ed3b177ec29f5b4cd60a56a7011e74b483dc876cbc9f42990a8c,db8a34e58d88c093b913634d4c5b27b39ef0a9c5a4222a4c7424e41ae46b3768,8508a05935ea1253275f3226e30a30af9fc613b4b1c4ffcd2c6f8bcd0d4a050d,v2.1-gpu-rolling-oa-full-20260716-r1
chain,five_seeds,nickel,a,nbfnet,lane_average_precision,0.14310108965411555,0.017675048618424918,5,"[0.15249205529499668,0.11785422486956816,0.1426078961638709,0.17001800303617345,0.13253326890596856]",NBFNet,"{""batch_size"":64,""epochs"":25,""layers"":6,""learning_rate"":0.005,""negatives"":32}",24645,1564,16cf742cfd226819684cc2b9895a70ac8c449a1ff55ea27904fe0a534425d62f,0ebad7822622a459de3367181b93c9c65ba6daa87e51743b107134e5003c516f,8ca4e53f37c2d1b7d374afd14e2e6e9b7a72f2804591dfc134ebfdbfb48b680e,006a013056812cc73317e4ab4685572a7c0cea82465c404ac5742adc1af42e14,275aaba42458d0fbfd1a58d2a051a4fa1998557fe0ffeb8793ebde13cec6e16a,99db18daeb5cb4680c5f4a610c08bd3ec29b63644ad9a98022f36fd541b1647c,d7b7a94d1daa490a7d8127c4f1662a8e33a1f76501b54563532508ce501b7bd4,bd5b5e79cd72ed3b177ec29f5b4cd60a56a7011e74b483dc876cbc9f42990a8c,db8a34e58d88c093b913634d4c5b27b39ef0a9c5a4222a4c7424e41ae46b3768,8508a05935ea1253275f3226e30a30af9fc613b4b1c4ffcd2c6f8bcd0d4a050d,v2.1-gpu-rolling-oa-full-20260716-r1
chain,five_seeds,nickel,b1,nbfnet,entry_average_precision,0.25111859794014463,0.050797908327978321,5,"[0.25324921130641836,0.34874346192492756,0.21240148903869777,0.2222006847640507,0.2189981426666288]",NBFNet,"{""batch_size"":64,""epochs"":25,""layers"":4,""learning_rate"":0.005,""negatives"":32}",25003,139,182d002e10bfd4bb20d8ff0f552aed2eef65163f399540b2e0b2b3b3ad53a1ec,77b0e4a0aeb8e7839e6aee399c32137ac8d4f568f1afc27532efab8f9737e5a2,7278143fe069d5110c1fc4c7bd8745ef67b4359ce730dade69bf9df0ce764004,c4bd879bc605dd268ad452aff45de6cf22ac3577f0a03951f0e79e6f0968fe88,d3c9689808f77784193a3c65eef62c1acdea9d4291744cff19f18bd6b256a691,99db18daeb5cb4680c5f4a610c08bd3ec29b63644ad9a98022f36fd541b1647c,d7b7a94d1daa490a7d8127c4f1662a8e33a1f76501b54563532508ce501b7bd4,bd5b5e79cd72ed3b177ec29f5b4cd60a56a7011e74b483dc876cbc9f42990a8c,db8a34e58d88c093b913634d4c5b27b39ef0a9c5a4222a4c7424e41ae46b3768,8508a05935ea1253275f3226e30a30af9fc613b4b1c4ffcd2c6f8bcd0d4a050d,v2.1-gpu-rolling-oa-full-20260716-r1
chain,five_seeds,nickel,b2,nbfnet,conditional_recall_at_3,0.32543900543900539,0.031708618582524474,5,"[0.33816045066045064,0.2932400932400932,0.3648018648018648,0.28323620823620826,0.34775641025641024]",NBFNet,"{""batch_size"":64,""epochs"":25,""layers"":6,""learning_rate"":0.001,""negatives"":32}",25003,139,182d002e10bfd4bb20d8ff0f552aed2eef65163f399540b2e0b2b3b3ad53a1ec,77b0e4a0aeb8e7839e6aee399c32137ac8d4f568f1afc27532efab8f9737e5a2,db6a483b822a5fe5a402c52801c2648dc58c8b39975e8f3bc6df2139824cbb20,775851ed273d48b7ed745b6478a9633115a0748e3be3c3df2ab3e59ecacf5d04,a9c594f0262612726ddfb8b8537444038bb977d0ade8e4ec78a3b37e61e1e20a,99db18daeb5cb4680c5f4a610c08bd3ec29b63644ad9a98022f36fd541b1647c,d7b7a94d1daa490a7d8127c4f1662a8e33a1f76501b54563532508ce501b7bd4,bd5b5e79cd72ed3b177ec29f5b4cd60a56a7011e74b483dc876cbc9f42990a8c,db8a34e58d88c093b913634d4c5b27b39ef0a9c5a4222a4c7424e41ae46b3768,8508a05935ea1253275f3226e30a30af9fc613b4b1c4ffcd2c6f8bcd0d4a050d,v2.1-gpu-rolling-oa-full-20260716-r1
chain,five_seeds,cocoa,a,kge,lane_average_precision,0.21665149958742508,0.0046030267429099632,5,"[0.21588348609616814,0.2111953807793249,0.22280081612887848,0.22103420988295608,0.21234360504979785]",RotatE,"{""batch_size"":2048,""embedding_dim"":64,""epochs"":150,""learning_rate"":0.005}",54026,2552,3242df52635d1857d3cdabd0284ea16c75bcef21f88823752e35704e7319c834,bc888a0e93a5e6720361d2250960c198e4ccccbe302a7f3409df708304dec2ad,1fd7decb7549d22c56481a7b13159f30b2886ab7fad133da95e9246cb86d3709,1ceb04a9cc632083ead402fe3b1777cf780feac8c0df3aaa6f09367dbac54492,ebf53fe6b0f3e4f32c279933123378ebbd5d31f7c6390cd1efc9636719559e71,99db18daeb5cb4680c5f4a610c08bd3ec29b63644ad9a98022f36fd541b1647c,d7b7a94d1daa490a7d8127c4f1662a8e33a1f76501b54563532508ce501b7bd4,bd5b5e79cd72ed3b177ec29f5b4cd60a56a7011e74b483dc876cbc9f42990a8c,db8a34e58d88c093b913634d4c5b27b39ef0a9c5a4222a4c7424e41ae46b3768,8508a05935ea1253275f3226e30a30af9fc613b4b1c4ffcd2c6f8bcd0d4a050d,v2.1-gpu-rolling-oa-full-20260716-r1
chain,five_seeds,cocoa,b1,kge,entry_average_precision,0.4504146738566579,0.023272295026339051,5,"[0.40981908401456796,0.48205060790792303,0.45596498392740153,0.455476918759166,0.4487617746742312]",RotatE,"{""batch_size"":2048,""embedding_dim"":64,""epochs"":150,""learning_rate"":0.01}",36885,72,1afd4735b8e880b80d8f732cd3a3963cb776e6022f6cb60ebe558a1267fe9e3d,d876f6646165dc4895f7cf27f370426c608e80b53c7b6ac46427e0969a1073e5,2ff9babdc516ee5a89d6b5c272b8aca2447a344ad0af7cf9d4140a7b4ac7cea7,9dc8235677861445f25770ab584b0013042c43b00f65573576ab3ddb5f1853e7,9339488ec51d1776eaddd58f9666452cf80a72e554f01cff7d084987f0864371,99db18daeb5cb4680c5f4a610c08bd3ec29b63644ad9a98022f36fd541b1647c,d7b7a94d1daa490a7d8127c4f1662a8e33a1f76501b54563532508ce501b7bd4,bd5b5e79cd72ed3b177ec29f5b4cd60a56a7011e74b483dc876cbc9f42990a8c,db8a34e58d88c093b913634d4c5b27b39ef0a9c5a4222a4c7424e41ae46b3768,8508a05935ea1253275f3226e30a30af9fc613b4b1c4ffcd2c6f8bcd0d4a050d,v2.1-gpu-rolling-oa-full-20260716-r1
chain,five_seeds,cocoa,b2,kge,conditional_recall_at_3,0.35357142857142854,0.02984063660253489,5,"[0.3190476190476191,0.40595238095238095,0.33134920634920634,0.35833333333333334,0.35317460317460314]",RotatE,"{""batch_size"":2048,""embedding_dim"":128,""epochs"":150,""learning_rate"":0.005}",36885,72,1afd4735b8e880b80d8f732cd3a3963cb776e6022f6cb60ebe558a1267fe9e3d,d876f6646165dc4895f7cf27f370426c608e80b53c7b6ac46427e0969a1073e5,e7ee84d8109754bdd7d65712a06d6c77855fcd00f70cc5930ddc55c6cbc775a9,b2c3a0b999adf98f6fa7608a3ff755b70b80170f1350e78a18a64240429e2807,3ff1b081a779a761fe7387a517b3583c79003aaed948303c9ab50ff80d9aed81,99db18daeb5cb4680c5f4a610c08bd3ec29b63644ad9a98022f36fd541b1647c,d7b7a94d1daa490a7d8127c4f1662a8e33a1f76501b54563532508ce501b7bd4,bd5b5e79cd72ed3b177ec29f5b4cd60a56a7011e74b483dc876cbc9f42990a8c,db8a34e58d88c093b913634d4c5b27b39ef0a9c5a4222a4c7424e41ae46b3768,8508a05935ea1253275f3226e30a30af9fc613b4b1c4ffcd2c6f8bcd0d4a050d,v2.1-gpu-rolling-oa-full-20260716-r1
chain,five_seeds,cocoa,a,nbfnet,lane_average_precision,0.17684587581604547,0.020129470114289682,5,"[0.16499130988670077,0.14966285555405137,0.21027101893039832,0.182254073585413,0.17705012112366394]",NBFNet,"{""batch_size"":64,""epochs"":25,""layers"":4,""learning_rate"":0.005,""negatives"":32}",54026,2552,3242df52635d1857d3cdabd0284ea16c75bcef21f88823752e35704e7319c834,bc888a0e93a5e6720361d2250960c198e4ccccbe302a7f3409df708304dec2ad,cecc8552f0a0b0f693a2c7839f0d9048865ea8d1f705dfa237b89072bf359a41,bc659f3584e81effe1c67254153d58e5e2479ac064ba9d8da0e196e402b89379,388d8e5a575fb425661538bb630092e1941ef3a93cee3d00b849b226d2376535,99db18daeb5cb4680c5f4a610c08bd3ec29b63644ad9a98022f36fd541b1647c,d7b7a94d1daa490a7d8127c4f1662a8e33a1f76501b54563532508ce501b7bd4,bd5b5e79cd72ed3b177ec29f5b4cd60a56a7011e74b483dc876cbc9f42990a8c,db8a34e58d88c093b913634d4c5b27b39ef0a9c5a4222a4c7424e41ae46b3768,8508a05935ea1253275f3226e30a30af9fc613b4b1c4ffcd2c6f8bcd0d4a050d,v2.1-gpu-rolling-oa-full-20260716-r1
chain,five_seeds,cocoa,b1,nbfnet,entry_average_precision,0.25831516363943574,0.025671468585566948,5,"[0.22220673350840595,0.26264303239982034,0.2817465264411564,0.23613934545996912,0.2888401803878269]",NBFNet,"{""batch_size"":64,""epochs"":25,""layers"":6,""learning_rate"":0.005,""negatives"":32}",36885,72,1afd4735b8e880b80d8f732cd3a3963cb776e6022f6cb60ebe558a1267fe9e3d,d876f6646165dc4895f7cf27f370426c608e80b53c7b6ac46427e0969a1073e5,239c43c60da3126e8535f8d7831b12885d932708d3e4df908c1780f55c459789,6bc818dbe624bd5819fc8120e2f3cab23a3b5a1823d77957089aac5c8a48fbcb,f85027de966031fb9bde16f3e0ed1956afcef25f50879059b271b58907344b30,99db18daeb5cb4680c5f4a610c08bd3ec29b63644ad9a98022f36fd541b1647c,d7b7a94d1daa490a7d8127c4f1662a8e33a1f76501b54563532508ce501b7bd4,bd5b5e79cd72ed3b177ec29f5b4cd60a56a7011e74b483dc876cbc9f42990a8c,db8a34e58d88c093b913634d4c5b27b39ef0a9c5a4222a4c7424e41ae46b3768,8508a05935ea1253275f3226e30a30af9fc613b4b1c4ffcd2c6f8bcd0d4a050d,v2.1-gpu-rolling-oa-full-20260716-r1
chain,five_seeds,cocoa,b2,nbfnet,conditional_recall_at_3,0.39936507936507937,0.021597803234596376,5,"[0.40595238095238095,0.40595238095238095,0.3821428571428572,0.4325396825396825,0.37023809523809526]",NBFNet,"{""batch_size"":64,""epochs"":25,""layers"":4,""learning_rate"":0.001,""negatives"":32}",36885,72,1afd4735b8e880b80d8f732cd3a3963cb776e6022f6cb60ebe558a1267fe9e3d,d876f6646165dc4895f7cf27f370426c608e80b53c7b6ac46427e0969a1073e5,15b21d58914f2e52d1896d5fbec1076429f486d5665f19b2a00f679abc4d612c,245edfaa1d91bb8af52d63157470f22a2d3971d157434675a577aaa0b453f9e2,09112d4b08c430b64dce87f36aaaa37bd6a0ce33ab6dd3b04776234c5b9261af,99db18daeb5cb4680c5f4a610c08bd3ec29b63644ad9a98022f36fd541b1647c,d7b7a94d1daa490a7d8127c4f1662a8e33a1f76501b54563532508ce501b7bd4,bd5b5e79cd72ed3b177ec29f5b4cd60a56a7011e74b483dc876cbc9f42990a8c,db8a34e58d88c093b913634d4c5b27b39ef0a9c5a4222a4c7424e41ae46b3768,8508a05935ea1253275f3226e30a30af9fc613b4b1c4ffcd2c6f8bcd0d4a050d,v2.1-gpu-rolling-oa-full-20260716-r1
chain,five_seeds,oilseed-soy,a,kge,lane_average_precision,0.14445651262880646,0.0033642189622457939,5,"[0.14502585935327775,0.14592020305577189,0.14127473560338713,0.1496859762320138,0.14037578889958172]",RotatE,"{""batch_size"":2048,""embedding_dim"":128,""epochs"":150,""learning_rate"":0.005}",34548,1034,6870445537ca404c4500e01efe5a3a68fcaeeb93821cee2058d741d51b81743a,98ee13bb3538e1ef97e6d42df7b11297c0cf7a6fd52acc32e3a8f48b9e24d944,4acb8af4f62cd0e471654f6895d10623d996064dc6fd7c013c6a2bc8c35906fd,15ba1ce4e4818f8801f3ab865080d2faff6dbc49dc0fe3f2b27f5fdeb9da329f,40af10d6ea98e22ec91e149beaeb06c3a01cba28c3cfd711c40c2e357c6c876b,99db18daeb5cb4680c5f4a610c08bd3ec29b63644ad9a98022f36fd541b1647c,d7b7a94d1daa490a7d8127c4f1662a8e33a1f76501b54563532508ce501b7bd4,bd5b5e79cd72ed3b177ec29f5b4cd60a56a7011e74b483dc876cbc9f42990a8c,db8a34e58d88c093b913634d4c5b27b39ef0a9c5a4222a4c7424e41ae46b3768,8508a05935ea1253275f3226e30a30af9fc613b4b1c4ffcd2c6f8bcd0d4a050d,v2.1-gpu-rolling-oa-full-20260716-r1
chain,five_seeds,oilseed-soy,b1,kge,entry_average_precision,0.51890094052173441,0.028633622657634576,5,"[0.509156518352501,0.5262090064875629,0.5220432983910912,0.5629378963725097,0.47415798300500744]",CompGCN,"{""batch_size"":2048,""embedding_dim"":64,""epochs"":150,""learning_rate"":0.005}",12131,74,c4d387c765d37cdf989719d99460a2433eac18f3b297c34bcc03344d5c770908,acdccd4555c30b334ac731344ed7138995015b6cebc0f144776000eaf28a1dd7,0fc2f74049a339a1f37ebc65a2133b00d302bd7d567b9f2b706b8f0954f05fda,80ecf4be41a893a0e30cfd29043fc7dd7fd9e3e37a9050128c189ad87cfc8468,00404aa6a807c8abe6226888ba796097d64a0880d5af86b5b2f96521730a98a6,99db18daeb5cb4680c5f4a610c08bd3ec29b63644ad9a98022f36fd541b1647c,d7b7a94d1daa490a7d8127c4f1662a8e33a1f76501b54563532508ce501b7bd4,bd5b5e79cd72ed3b177ec29f5b4cd60a56a7011e74b483dc876cbc9f42990a8c,db8a34e58d88c093b913634d4c5b27b39ef0a9c5a4222a4c7424e41ae46b3768,8508a05935ea1253275f3226e30a30af9fc613b4b1c4ffcd2c6f8bcd0d4a050d,v2.1-gpu-rolling-oa-full-20260716-r1
chain,five_seeds,oilseed-soy,b2,kge,conditional_recall_at_3,0.12418300653594772,0.021346211610935445,5,"[0.10392156862745097,0.09330065359477124,0.1423202614379085,0.1451797385620915,0.1361928104575163]",RGCN,"{""batch_size"":2048,""embedding_dim"":128,""epochs"":150,""learning_rate"":0.01}",12131,74,c4d387c765d37cdf989719d99460a2433eac18f3b297c34bcc03344d5c770908,acdccd4555c30b334ac731344ed7138995015b6cebc0f144776000eaf28a1dd7,31dc581ada09a9f4d38ffbbb1a287dadd2bee725b882713620a4e2775c35ebe3,4bda30ccf3758dab5b672bdd85345cec446b7afdce2724c587e8c32a7dbaecd3,47ce3e13bfaab856ae5c02f7177f838f5019acfe2ba38c51ecb1028b1917297a,99db18daeb5cb4680c5f4a610c08bd3ec29b63644ad9a98022f36fd541b1647c,d7b7a94d1daa490a7d8127c4f1662a8e33a1f76501b54563532508ce501b7bd4,bd5b5e79cd72ed3b177ec29f5b4cd60a56a7011e74b483dc876cbc9f42990a8c,db8a34e58d88c093b913634d4c5b27b39ef0a9c5a4222a4c7424e41ae46b3768,8508a05935ea1253275f3226e30a30af9fc613b4b1c4ffcd2c6f8bcd0d4a050d,v2.1-gpu-rolling-oa-full-20260716-r1
chain,five_seeds,oilseed-soy,a,nbfnet,lane_average_precision,0.13239549073401438,0.0056776375018642586,5,"[0.13533337577260807,0.13326211023804,0.12537665636311085,0.14097996337031737,0.12702534792599565]",NBFNet,"{""batch_size"":64,""epochs"":25,""layers"":4,""learning_rate"":0.005,""negatives"":32}",34548,1034,6870445537ca404c4500e01efe5a3a68fcaeeb93821cee2058d741d51b81743a,98ee13bb3538e1ef97e6d42df7b11297c0cf7a6fd52acc32e3a8f48b9e24d944,2fc139e35dd8cb7c71a3f8c5e1295b2e22ccc58f352733df62b24a2db752822c,489699597ff3adb0b98b7c3446dcd8751c61d87bacab282858955a48e3e736a2,0b34d300c3764821a26c2a71dab36ff950181ea4fc857cf60c07f951c7baa7e0,99db18daeb5cb4680c5f4a610c08bd3ec29b63644ad9a98022f36fd541b1647c,d7b7a94d1daa490a7d8127c4f1662a8e33a1f76501b54563532508ce501b7bd4,bd5b5e79cd72ed3b177ec29f5b4cd60a56a7011e74b483dc876cbc9f42990a8c,db8a34e58d88c093b913634d4c5b27b39ef0a9c5a4222a4c7424e41ae46b3768,8508a05935ea1253275f3226e30a30af9fc613b4b1c4ffcd2c6f8bcd0d4a050d,v2.1-gpu-rolling-oa-full-20260716-r1
chain,five_seeds,oilseed-soy,b1,nbfnet,entry_average_precision,0.47226283975368943,0.022986407830219692,5,"[0.44084419853571616,0.45396096921131496,0.5070096628117374,0.4793386767762098,0.48016069143346896]",NBFNet,"{""batch_size"":64,""epochs"":25,""layers"":4,""learning_rate"":0.001,""negatives"":32}",12131,74,c4d387c765d37cdf989719d99460a2433eac18f3b297c34bcc03344d5c770908,acdccd4555c30b334ac731344ed7138995015b6cebc0f144776000eaf28a1dd7,31e0ce4a1ea5d17c96466063ff0d5a828890f80d914fac49e5b0aaadd9c86105,b444f0fef03192ea6101f9aa522d739863ca8bc66460aaaf20519f587fb7c08c,5d74cd95208763347f95dcffdba68d7f94aeb697f897ff49727dcadf9163f77d,99db18daeb5cb4680c5f4a610c08bd3ec29b63644ad9a98022f36fd541b1647c,d7b7a94d1daa490a7d8127c4f1662a8e33a1f76501b54563532508ce501b7bd4,bd5b5e79cd72ed3b177ec29f5b4cd60a56a7011e74b483dc876cbc9f42990a8c,db8a34e58d88c093b913634d4c5b27b39ef0a9c5a4222a4c7424e41ae46b3768,8508a05935ea1253275f3226e30a30af9fc613b4b1c4ffcd2c6f8bcd0d4a050d,v2.1-gpu-rolling-oa-full-20260716-r1
chain,five_seeds,oilseed-soy,b2,nbfnet,conditional_recall_at_3,0.22385620915032681,0.010530662283794526,5,"[0.22336601307189544,0.23439542483660133,0.22336601307189544,0.20498366013071898,0.23316993464052288]",NBFNet,"{""batch_size"":64,""epochs"":25,""layers"":6,""learning_rate"":0.005,""negatives"":32}",12131,74,c4d387c765d37cdf989719d99460a2433eac18f3b297c34bcc03344d5c770908,acdccd4555c30b334ac731344ed7138995015b6cebc0f144776000eaf28a1dd7,f744647a00877dacd0a54fcb9e15454a3aaf2e6eececb552dd6b8d8d77c36ab6,5a62d05305e22d330ad566be7ab8797ab371678c5c5975e21c8da87cb5717bd3,7a620a752d8cda2cd562d166297cfbef7bf78512e52046892f5680b86cdeafb7,99db18daeb5cb4680c5f4a610c08bd3ec29b63644ad9a98022f36fd541b1647c,d7b7a94d1daa490a7d8127c4f1662a8e33a1f76501b54563532508ce501b7bd4,bd5b5e79cd72ed3b177ec29f5b4cd60a56a7011e74b483dc876cbc9f42990a8c,db8a34e58d88c093b913634d4c5b27b39ef0a9c5a4222a4c7424e41ae46b3768,8508a05935ea1253275f3226e30a30af9fc613b4b1c4ffcd2c6f8bcd0d4a050d,v2.1-gpu-rolling-oa-full-20260716-r1
macro,six_preregistered_chains,__macro__,a,kge,lane_average_precision,0.17967922490959512,0.043848915544166638,6,"[0.18002927712731523,0.18208364962829782,0.17524484369986626,0.18260926063241079,0.1784290934600854]",,,,,,,,,,99db18daeb5cb4680c5f4a610c08bd3ec29b63644ad9a98022f36fd541b1647c,d7b7a94d1daa490a7d8127c4f1662a8e33a1f76501b54563532508ce501b7bd4,bd5b5e79cd72ed3b177ec29f5b4cd60a56a7011e74b483dc876cbc9f42990a8c,db8a34e58d88c093b913634d4c5b27b39ef0a9c5a4222a4c7424e41ae46b3768,8508a05935ea1253275f3226e30a30af9fc613b4b1c4ffcd2c6f8bcd0d4a050d,v2.1-gpu-rolling-oa-full-20260716-r1
macro,six_preregistered_chains,__macro__,a,nbfnet,lane_average_precision,0.15012323008705655,0.029680156595575029,6,"[0.14859007897089574,0.14598802563962998,0.15479398538568837,0.1563311074832123,0.14491295295585635]",,,,,,,,,,99db18daeb5cb4680c5f4a610c08bd3ec29b63644ad9a98022f36fd541b1647c,d7b7a94d1daa490a7d8127c4f1662a8e33a1f76501b54563532508ce501b7bd4,bd5b5e79cd72ed3b177ec29f5b4cd60a56a7011e74b483dc876cbc9f42990a8c,db8a34e58d88c093b913634d4c5b27b39ef0a9c5a4222a4c7424e41ae46b3768,8508a05935ea1253275f3226e30a30af9fc613b4b1c4ffcd2c6f8bcd0d4a050d,v2.1-gpu-rolling-oa-full-20260716-r1
macro,six_preregistered_chains,__macro__,b1,kge,entry_average_precision,0.39520455228907841,0.07699305469130166,6,"[0.3947582337846664,0.40465075213596746,0.39082605930729875,0.39119980906986446,0.39458790714759523]",,,,,,,,,,99db18daeb5cb4680c5f4a610c08bd3ec29b63644ad9a98022f36fd541b1647c,d7b7a94d1daa490a7d8127c4f1662a8e33a1f76501b54563532508ce501b7bd4,bd5b5e79cd72ed3b177ec29f5b4cd60a56a7011e74b483dc876cbc9f42990a8c,db8a34e58d88c093b913634d4c5b27b39ef0a9c5a4222a4c7424e41ae46b3768,8508a05935ea1253275f3226e30a30af9fc613b4b1c4ffcd2c6f8bcd0d4a050d,v2.1-gpu-rolling-oa-full-20260716-r1
macro,six_preregistered_chains,__macro__,b1,nbfnet,entry_average_precision,0.28293809548811699,0.094789378363202947,6,"[0.263243458725214,0.30802102172955154,0.27807292786932764,0.28626459822537753,0.2790884708911144]",,,,,,,,,,99db18daeb5cb4680c5f4a610c08bd3ec29b63644ad9a98022f36fd541b1647c,d7b7a94d1daa490a7d8127c4f1662a8e33a1f76501b54563532508ce501b7bd4,bd5b5e79cd72ed3b177ec29f5b4cd60a56a7011e74b483dc876cbc9f42990a8c,db8a34e58d88c093b913634d4c5b27b39ef0a9c5a4222a4c7424e41ae46b3768,8508a05935ea1253275f3226e30a30af9fc613b4b1c4ffcd2c6f8bcd0d4a050d,v2.1-gpu-rolling-oa-full-20260716-r1
macro,six_preregistered_chains,__macro__,b2,kge,conditional_recall_at_3,0.21468176659691196,0.11336956270482657,6,"[0.21469476592448197,0.18675820009984423,0.21097768314144807,0.22260963249807064,0.2383685513207149]",,,,,,,,,,99db18daeb5cb4680c5f4a610c08bd3ec29b63644ad9a98022f36fd541b1647c,d7b7a94d1daa490a7d8127c4f1662a8e33a1f76501b54563532508ce501b7bd4,bd5b5e79cd72ed3b177ec29f5b4cd60a56a7011e74b483dc876cbc9f42990a8c,db8a34e58d88c093b913634d4c5b27b39ef0a9c5a4222a4c7424e41ae46b3768,8508a05935ea1253275f3226e30a30af9fc613b4b1c4ffcd2c6f8bcd0d4a050d,v2.1-gpu-rolling-oa-full-20260716-r1
macro,six_preregistered_chains,__macro__,b2,nbfnet,conditional_recall_at_3,0.37574352777770059,0.10865071620344101,6,"[0.3869076597250194,0.3846568912174895,0.36176501820306756,0.3554998002752679,0.3898882694676587]",,,,,,,,,,99db18daeb5cb4680c5f4a610c08bd3ec29b63644ad9a98022f36fd541b1647c,d7b7a94d1daa490a7d8127c4f1662a8e33a1f76501b54563532508ce501b7bd4,bd5b5e79cd72ed3b177ec29f5b4cd60a56a7011e74b483dc876cbc9f42990a8c,db8a34e58d88c093b913634d4c5b27b39ef0a9c5a4222a4c7424e41ae46b3768,8508a05935ea1253275f3226e30a30af9fc613b4b1c4ffcd2c6f8bcd0d4a050d,v2.1-gpu-rolling-oa-full-20260716-r1
