scope,metric,chain,mode,definition,n,mean,population_std,source_summary_sha256,verification_receipt_sha256,freeze_sha256,config_sha256,main_start_marker_sha256,run_id,protocol
mode,A.lane_average_precision,__all__,loco,,30,0.099748449263056274,0.027704968877582888,c98f7aeb57adbe94543854ceb878eadb8990b07dc38ce154c1bc70c131284164,139be54b3375cf21728b668ee00b7b0f439897fe29a54c169fde098d87c15c3a,a9414c9762ff7faf23fa855b6f1305c777359e6c74bd9ef17a94ebbc5f37d187,e8ed359ce8144f152f1577c31edb5ab3c2f7027015a16881302c28f39f4b67f6,e574210de335ea185b6de0803243febb7f8c9d78f21da7d6230e3a60a01d235b,loco-tier-matched-oa-full-20260717-r2,upgrade-bench-v2/loco-tier-matched/1
mode,A.lane_average_precision,__all__,in_domain,,30,0.13286713513184789,0.020175893523344944,c98f7aeb57adbe94543854ceb878eadb8990b07dc38ce154c1bc70c131284164,139be54b3375cf21728b668ee00b7b0f439897fe29a54c169fde098d87c15c3a,a9414c9762ff7faf23fa855b6f1305c777359e6c74bd9ef17a94ebbc5f37d187,e8ed359ce8144f152f1577c31edb5ab3c2f7027015a16881302c28f39f4b67f6,e574210de335ea185b6de0803243febb7f8c9d78f21da7d6230e3a60a01d235b,loco-tier-matched-oa-full-20260717-r2,upgrade-bench-v2/loco-tier-matched/1
chain_mode,A.lane_average_precision,sheep,loco,,5,0.085757631804754861,0.0093182115232216776,c98f7aeb57adbe94543854ceb878eadb8990b07dc38ce154c1bc70c131284164,139be54b3375cf21728b668ee00b7b0f439897fe29a54c169fde098d87c15c3a,a9414c9762ff7faf23fa855b6f1305c777359e6c74bd9ef17a94ebbc5f37d187,e8ed359ce8144f152f1577c31edb5ab3c2f7027015a16881302c28f39f4b67f6,e574210de335ea185b6de0803243febb7f8c9d78f21da7d6230e3a60a01d235b,loco-tier-matched-oa-full-20260717-r2,upgrade-bench-v2/loco-tier-matched/1
chain_mode,A.lane_average_precision,sheep,in_domain,,5,0.11670001884595753,0.0038203606218855479,c98f7aeb57adbe94543854ceb878eadb8990b07dc38ce154c1bc70c131284164,139be54b3375cf21728b668ee00b7b0f439897fe29a54c169fde098d87c15c3a,a9414c9762ff7faf23fa855b6f1305c777359e6c74bd9ef17a94ebbc5f37d187,e8ed359ce8144f152f1577c31edb5ab3c2f7027015a16881302c28f39f4b67f6,e574210de335ea185b6de0803243febb7f8c9d78f21da7d6230e3a60a01d235b,loco-tier-matched-oa-full-20260717-r2,upgrade-bench-v2/loco-tier-matched/1
chain_mode,A.lane_average_precision,cotton,loco,,5,0.063737253559767018,0.015742541219839989,c98f7aeb57adbe94543854ceb878eadb8990b07dc38ce154c1bc70c131284164,139be54b3375cf21728b668ee00b7b0f439897fe29a54c169fde098d87c15c3a,a9414c9762ff7faf23fa855b6f1305c777359e6c74bd9ef17a94ebbc5f37d187,e8ed359ce8144f152f1577c31edb5ab3c2f7027015a16881302c28f39f4b67f6,e574210de335ea185b6de0803243febb7f8c9d78f21da7d6230e3a60a01d235b,loco-tier-matched-oa-full-20260717-r2,upgrade-bench-v2/loco-tier-matched/1
chain_mode,A.lane_average_precision,cotton,in_domain,,5,0.11312638708966183,0.0092950646378974489,c98f7aeb57adbe94543854ceb878eadb8990b07dc38ce154c1bc70c131284164,139be54b3375cf21728b668ee00b7b0f439897fe29a54c169fde098d87c15c3a,a9414c9762ff7faf23fa855b6f1305c777359e6c74bd9ef17a94ebbc5f37d187,e8ed359ce8144f152f1577c31edb5ab3c2f7027015a16881302c28f39f4b67f6,e574210de335ea185b6de0803243febb7f8c9d78f21da7d6230e3a60a01d235b,loco-tier-matched-oa-full-20260717-r2,upgrade-bench-v2/loco-tier-matched/1
chain_mode,A.lane_average_precision,aluminium,loco,,5,0.10064017434471213,0.010158292250929025,c98f7aeb57adbe94543854ceb878eadb8990b07dc38ce154c1bc70c131284164,139be54b3375cf21728b668ee00b7b0f439897fe29a54c169fde098d87c15c3a,a9414c9762ff7faf23fa855b6f1305c777359e6c74bd9ef17a94ebbc5f37d187,e8ed359ce8144f152f1577c31edb5ab3c2f7027015a16881302c28f39f4b67f6,e574210de335ea185b6de0803243febb7f8c9d78f21da7d6230e3a60a01d235b,loco-tier-matched-oa-full-20260717-r2,upgrade-bench-v2/loco-tier-matched/1
chain_mode,A.lane_average_precision,aluminium,in_domain,,5,0.15233240655397559,0.01094932878825261,c98f7aeb57adbe94543854ceb878eadb8990b07dc38ce154c1bc70c131284164,139be54b3375cf21728b668ee00b7b0f439897fe29a54c169fde098d87c15c3a,a9414c9762ff7faf23fa855b6f1305c777359e6c74bd9ef17a94ebbc5f37d187,e8ed359ce8144f152f1577c31edb5ab3c2f7027015a16881302c28f39f4b67f6,e574210de335ea185b6de0803243febb7f8c9d78f21da7d6230e3a60a01d235b,loco-tier-matched-oa-full-20260717-r2,upgrade-bench-v2/loco-tier-matched/1
chain_mode,A.lane_average_precision,nickel,loco,,5,0.14485233941643932,0.020163291371265719,c98f7aeb57adbe94543854ceb878eadb8990b07dc38ce154c1bc70c131284164,139be54b3375cf21728b668ee00b7b0f439897fe29a54c169fde098d87c15c3a,a9414c9762ff7faf23fa855b6f1305c777359e6c74bd9ef17a94ebbc5f37d187,e8ed359ce8144f152f1577c31edb5ab3c2f7027015a16881302c28f39f4b67f6,e574210de335ea185b6de0803243febb7f8c9d78f21da7d6230e3a60a01d235b,loco-tier-matched-oa-full-20260717-r2,upgrade-bench-v2/loco-tier-matched/1
chain_mode,A.lane_average_precision,nickel,in_domain,,5,0.16208597290723881,0.0040935525490901044,c98f7aeb57adbe94543854ceb878eadb8990b07dc38ce154c1bc70c131284164,139be54b3375cf21728b668ee00b7b0f439897fe29a54c169fde098d87c15c3a,a9414c9762ff7faf23fa855b6f1305c777359e6c74bd9ef17a94ebbc5f37d187,e8ed359ce8144f152f1577c31edb5ab3c2f7027015a16881302c28f39f4b67f6,e574210de335ea185b6de0803243febb7f8c9d78f21da7d6230e3a60a01d235b,loco-tier-matched-oa-full-20260717-r2,upgrade-bench-v2/loco-tier-matched/1
chain_mode,A.lane_average_precision,cocoa,loco,,5,0.10618129456953325,0.013200409388384104,c98f7aeb57adbe94543854ceb878eadb8990b07dc38ce154c1bc70c131284164,139be54b3375cf21728b668ee00b7b0f439897fe29a54c169fde098d87c15c3a,a9414c9762ff7faf23fa855b6f1305c777359e6c74bd9ef17a94ebbc5f37d187,e8ed359ce8144f152f1577c31edb5ab3c2f7027015a16881302c28f39f4b67f6,e574210de335ea185b6de0803243febb7f8c9d78f21da7d6230e3a60a01d235b,loco-tier-matched-oa-full-20260717-r2,upgrade-bench-v2/loco-tier-matched/1
chain_mode,A.lane_average_precision,cocoa,in_domain,,5,0.13267417524120784,0.012567443841690779,c98f7aeb57adbe94543854ceb878eadb8990b07dc38ce154c1bc70c131284164,139be54b3375cf21728b668ee00b7b0f439897fe29a54c169fde098d87c15c3a,a9414c9762ff7faf23fa855b6f1305c777359e6c74bd9ef17a94ebbc5f37d187,e8ed359ce8144f152f1577c31edb5ab3c2f7027015a16881302c28f39f4b67f6,e574210de335ea185b6de0803243febb7f8c9d78f21da7d6230e3a60a01d235b,loco-tier-matched-oa-full-20260717-r2,upgrade-bench-v2/loco-tier-matched/1
chain_mode,A.lane_average_precision,oilseed-soy,loco,,5,0.09732200188313106,0.0034293861334000614,c98f7aeb57adbe94543854ceb878eadb8990b07dc38ce154c1bc70c131284164,139be54b3375cf21728b668ee00b7b0f439897fe29a54c169fde098d87c15c3a,a9414c9762ff7faf23fa855b6f1305c777359e6c74bd9ef17a94ebbc5f37d187,e8ed359ce8144f152f1577c31edb5ab3c2f7027015a16881302c28f39f4b67f6,e574210de335ea185b6de0803243febb7f8c9d78f21da7d6230e3a60a01d235b,loco-tier-matched-oa-full-20260717-r2,upgrade-bench-v2/loco-tier-matched/1
chain_mode,A.lane_average_precision,oilseed-soy,in_domain,,5,0.12028385015304573,0.0021759429365833323,c98f7aeb57adbe94543854ceb878eadb8990b07dc38ce154c1bc70c131284164,139be54b3375cf21728b668ee00b7b0f439897fe29a54c169fde098d87c15c3a,a9414c9762ff7faf23fa855b6f1305c777359e6c74bd9ef17a94ebbc5f37d187,e8ed359ce8144f152f1577c31edb5ab3c2f7027015a16881302c28f39f4b67f6,e574210de335ea185b6de0803243febb7f8c9d78f21da7d6230e3a60a01d235b,loco-tier-matched-oa-full-20260717-r2,upgrade-bench-v2/loco-tier-matched/1
matched_gap,A.lane_average_precision,__all__,,in_domain_minus_loco,30,0.033118685868791617,0.020751891780893927,c98f7aeb57adbe94543854ceb878eadb8990b07dc38ce154c1bc70c131284164,139be54b3375cf21728b668ee00b7b0f439897fe29a54c169fde098d87c15c3a,a9414c9762ff7faf23fa855b6f1305c777359e6c74bd9ef17a94ebbc5f37d187,e8ed359ce8144f152f1577c31edb5ab3c2f7027015a16881302c28f39f4b67f6,e574210de335ea185b6de0803243febb7f8c9d78f21da7d6230e3a60a01d235b,loco-tier-matched-oa-full-20260717-r2,upgrade-bench-v2/loco-tier-matched/1
mode,B1.entry_average_precision,__all__,loco,,30,0.28180363953890031,0.11670434827262632,c98f7aeb57adbe94543854ceb878eadb8990b07dc38ce154c1bc70c131284164,139be54b3375cf21728b668ee00b7b0f439897fe29a54c169fde098d87c15c3a,a9414c9762ff7faf23fa855b6f1305c777359e6c74bd9ef17a94ebbc5f37d187,e8ed359ce8144f152f1577c31edb5ab3c2f7027015a16881302c28f39f4b67f6,e574210de335ea185b6de0803243febb7f8c9d78f21da7d6230e3a60a01d235b,loco-tier-matched-oa-full-20260717-r2,upgrade-bench-v2/loco-tier-matched/1
mode,B1.entry_average_precision,__all__,in_domain,,30,0.2691467063245655,0.10372552418147106,c98f7aeb57adbe94543854ceb878eadb8990b07dc38ce154c1bc70c131284164,139be54b3375cf21728b668ee00b7b0f439897fe29a54c169fde098d87c15c3a,a9414c9762ff7faf23fa855b6f1305c777359e6c74bd9ef17a94ebbc5f37d187,e8ed359ce8144f152f1577c31edb5ab3c2f7027015a16881302c28f39f4b67f6,e574210de335ea185b6de0803243febb7f8c9d78f21da7d6230e3a60a01d235b,loco-tier-matched-oa-full-20260717-r2,upgrade-bench-v2/loco-tier-matched/1
chain_mode,B1.entry_average_precision,sheep,loco,,5,0.16272455148501533,0.015444812731015124,c98f7aeb57adbe94543854ceb878eadb8990b07dc38ce154c1bc70c131284164,139be54b3375cf21728b668ee00b7b0f439897fe29a54c169fde098d87c15c3a,a9414c9762ff7faf23fa855b6f1305c777359e6c74bd9ef17a94ebbc5f37d187,e8ed359ce8144f152f1577c31edb5ab3c2f7027015a16881302c28f39f4b67f6,e574210de335ea185b6de0803243febb7f8c9d78f21da7d6230e3a60a01d235b,loco-tier-matched-oa-full-20260717-r2,upgrade-bench-v2/loco-tier-matched/1
chain_mode,B1.entry_average_precision,sheep,in_domain,,5,0.18453100079120516,0.025083945530027265,c98f7aeb57adbe94543854ceb878eadb8990b07dc38ce154c1bc70c131284164,139be54b3375cf21728b668ee00b7b0f439897fe29a54c169fde098d87c15c3a,a9414c9762ff7faf23fa855b6f1305c777359e6c74bd9ef17a94ebbc5f37d187,e8ed359ce8144f152f1577c31edb5ab3c2f7027015a16881302c28f39f4b67f6,e574210de335ea185b6de0803243febb7f8c9d78f21da7d6230e3a60a01d235b,loco-tier-matched-oa-full-20260717-r2,upgrade-bench-v2/loco-tier-matched/1
chain_mode,B1.entry_average_precision,cotton,loco,,5,0.18419857567677117,0.048207123227573187,c98f7aeb57adbe94543854ceb878eadb8990b07dc38ce154c1bc70c131284164,139be54b3375cf21728b668ee00b7b0f439897fe29a54c169fde098d87c15c3a,a9414c9762ff7faf23fa855b6f1305c777359e6c74bd9ef17a94ebbc5f37d187,e8ed359ce8144f152f1577c31edb5ab3c2f7027015a16881302c28f39f4b67f6,e574210de335ea185b6de0803243febb7f8c9d78f21da7d6230e3a60a01d235b,loco-tier-matched-oa-full-20260717-r2,upgrade-bench-v2/loco-tier-matched/1
chain_mode,B1.entry_average_precision,cotton,in_domain,,5,0.15200071299986612,0.019676953381615798,c98f7aeb57adbe94543854ceb878eadb8990b07dc38ce154c1bc70c131284164,139be54b3375cf21728b668ee00b7b0f439897fe29a54c169fde098d87c15c3a,a9414c9762ff7faf23fa855b6f1305c777359e6c74bd9ef17a94ebbc5f37d187,e8ed359ce8144f152f1577c31edb5ab3c2f7027015a16881302c28f39f4b67f6,e574210de335ea185b6de0803243febb7f8c9d78f21da7d6230e3a60a01d235b,loco-tier-matched-oa-full-20260717-r2,upgrade-bench-v2/loco-tier-matched/1
chain_mode,B1.entry_average_precision,aluminium,loco,,5,0.2604277957211466,0.011566606354576292,c98f7aeb57adbe94543854ceb878eadb8990b07dc38ce154c1bc70c131284164,139be54b3375cf21728b668ee00b7b0f439897fe29a54c169fde098d87c15c3a,a9414c9762ff7faf23fa855b6f1305c777359e6c74bd9ef17a94ebbc5f37d187,e8ed359ce8144f152f1577c31edb5ab3c2f7027015a16881302c28f39f4b67f6,e574210de335ea185b6de0803243febb7f8c9d78f21da7d6230e3a60a01d235b,loco-tier-matched-oa-full-20260717-r2,upgrade-bench-v2/loco-tier-matched/1
chain_mode,B1.entry_average_precision,aluminium,in_domain,,5,0.26191341317569272,0.03469123256914735,c98f7aeb57adbe94543854ceb878eadb8990b07dc38ce154c1bc70c131284164,139be54b3375cf21728b668ee00b7b0f439897fe29a54c169fde098d87c15c3a,a9414c9762ff7faf23fa855b6f1305c777359e6c74bd9ef17a94ebbc5f37d187,e8ed359ce8144f152f1577c31edb5ab3c2f7027015a16881302c28f39f4b67f6,e574210de335ea185b6de0803243febb7f8c9d78f21da7d6230e3a60a01d235b,loco-tier-matched-oa-full-20260717-r2,upgrade-bench-v2/loco-tier-matched/1
chain_mode,B1.entry_average_precision,nickel,loco,,5,0.24817700334193032,0.017575892781950354,c98f7aeb57adbe94543854ceb878eadb8990b07dc38ce154c1bc70c131284164,139be54b3375cf21728b668ee00b7b0f439897fe29a54c169fde098d87c15c3a,a9414c9762ff7faf23fa855b6f1305c777359e6c74bd9ef17a94ebbc5f37d187,e8ed359ce8144f152f1577c31edb5ab3c2f7027015a16881302c28f39f4b67f6,e574210de335ea185b6de0803243febb7f8c9d78f21da7d6230e3a60a01d235b,loco-tier-matched-oa-full-20260717-r2,upgrade-bench-v2/loco-tier-matched/1
chain_mode,B1.entry_average_precision,nickel,in_domain,,5,0.29904630099076324,0.034679364827049412,c98f7aeb57adbe94543854ceb878eadb8990b07dc38ce154c1bc70c131284164,139be54b3375cf21728b668ee00b7b0f439897fe29a54c169fde098d87c15c3a,a9414c9762ff7faf23fa855b6f1305c777359e6c74bd9ef17a94ebbc5f37d187,e8ed359ce8144f152f1577c31edb5ab3c2f7027015a16881302c28f39f4b67f6,e574210de335ea185b6de0803243febb7f8c9d78f21da7d6230e3a60a01d235b,loco-tier-matched-oa-full-20260717-r2,upgrade-bench-v2/loco-tier-matched/1
chain_mode,B1.entry_average_precision,cocoa,loco,,5,0.37059815360277232,0.099229538581223159,c98f7aeb57adbe94543854ceb878eadb8990b07dc38ce154c1bc70c131284164,139be54b3375cf21728b668ee00b7b0f439897fe29a54c169fde098d87c15c3a,a9414c9762ff7faf23fa855b6f1305c777359e6c74bd9ef17a94ebbc5f37d187,e8ed359ce8144f152f1577c31edb5ab3c2f7027015a16881302c28f39f4b67f6,e574210de335ea185b6de0803243febb7f8c9d78f21da7d6230e3a60a01d235b,loco-tier-matched-oa-full-20260717-r2,upgrade-bench-v2/loco-tier-matched/1
chain_mode,B1.entry_average_precision,cocoa,in_domain,,5,0.25758905165996981,0.037241204241509882,c98f7aeb57adbe94543854ceb878eadb8990b07dc38ce154c1bc70c131284164,139be54b3375cf21728b668ee00b7b0f439897fe29a54c169fde098d87c15c3a,a9414c9762ff7faf23fa855b6f1305c777359e6c74bd9ef17a94ebbc5f37d187,e8ed359ce8144f152f1577c31edb5ab3c2f7027015a16881302c28f39f4b67f6,e574210de335ea185b6de0803243febb7f8c9d78f21da7d6230e3a60a01d235b,loco-tier-matched-oa-full-20260717-r2,upgrade-bench-v2/loco-tier-matched/1
chain_mode,B1.entry_average_precision,oilseed-soy,loco,,5,0.46469575740576641,0.047323494986983489,c98f7aeb57adbe94543854ceb878eadb8990b07dc38ce154c1bc70c131284164,139be54b3375cf21728b668ee00b7b0f439897fe29a54c169fde098d87c15c3a,a9414c9762ff7faf23fa855b6f1305c777359e6c74bd9ef17a94ebbc5f37d187,e8ed359ce8144f152f1577c31edb5ab3c2f7027015a16881302c28f39f4b67f6,e574210de335ea185b6de0803243febb7f8c9d78f21da7d6230e3a60a01d235b,loco-tier-matched-oa-full-20260717-r2,upgrade-bench-v2/loco-tier-matched/1
chain_mode,B1.entry_average_precision,oilseed-soy,in_domain,,5,0.45979975832989606,0.037854971153670661,c98f7aeb57adbe94543854ceb878eadb8990b07dc38ce154c1bc70c131284164,139be54b3375cf21728b668ee00b7b0f439897fe29a54c169fde098d87c15c3a,a9414c9762ff7faf23fa855b6f1305c777359e6c74bd9ef17a94ebbc5f37d187,e8ed359ce8144f152f1577c31edb5ab3c2f7027015a16881302c28f39f4b67f6,e574210de335ea185b6de0803243febb7f8c9d78f21da7d6230e3a60a01d235b,loco-tier-matched-oa-full-20260717-r2,upgrade-bench-v2/loco-tier-matched/1
matched_gap,B1.entry_average_precision,__all__,,in_domain_minus_loco,30,-0.012656933214334826,0.086284746537792889,c98f7aeb57adbe94543854ceb878eadb8990b07dc38ce154c1bc70c131284164,139be54b3375cf21728b668ee00b7b0f439897fe29a54c169fde098d87c15c3a,a9414c9762ff7faf23fa855b6f1305c777359e6c74bd9ef17a94ebbc5f37d187,e8ed359ce8144f152f1577c31edb5ab3c2f7027015a16881302c28f39f4b67f6,e574210de335ea185b6de0803243febb7f8c9d78f21da7d6230e3a60a01d235b,loco-tier-matched-oa-full-20260717-r2,upgrade-bench-v2/loco-tier-matched/1
mode,B2.conditional_recall_at_3,__all__,loco,,30,0.2478605231288632,0.10224410792796641,c98f7aeb57adbe94543854ceb878eadb8990b07dc38ce154c1bc70c131284164,139be54b3375cf21728b668ee00b7b0f439897fe29a54c169fde098d87c15c3a,a9414c9762ff7faf23fa855b6f1305c777359e6c74bd9ef17a94ebbc5f37d187,e8ed359ce8144f152f1577c31edb5ab3c2f7027015a16881302c28f39f4b67f6,e574210de335ea185b6de0803243febb7f8c9d78f21da7d6230e3a60a01d235b,loco-tier-matched-oa-full-20260717-r2,upgrade-bench-v2/loco-tier-matched/1
mode,B2.conditional_recall_at_3,__all__,in_domain,,30,0.27464011521975801,0.053389612756887875,c98f7aeb57adbe94543854ceb878eadb8990b07dc38ce154c1bc70c131284164,139be54b3375cf21728b668ee00b7b0f439897fe29a54c169fde098d87c15c3a,a9414c9762ff7faf23fa855b6f1305c777359e6c74bd9ef17a94ebbc5f37d187,e8ed359ce8144f152f1577c31edb5ab3c2f7027015a16881302c28f39f4b67f6,e574210de335ea185b6de0803243febb7f8c9d78f21da7d6230e3a60a01d235b,loco-tier-matched-oa-full-20260717-r2,upgrade-bench-v2/loco-tier-matched/1
chain_mode,B2.conditional_recall_at_3,sheep,loco,,5,0.24111111111111111,0.027295818881196091,c98f7aeb57adbe94543854ceb878eadb8990b07dc38ce154c1bc70c131284164,139be54b3375cf21728b668ee00b7b0f439897fe29a54c169fde098d87c15c3a,a9414c9762ff7faf23fa855b6f1305c777359e6c74bd9ef17a94ebbc5f37d187,e8ed359ce8144f152f1577c31edb5ab3c2f7027015a16881302c28f39f4b67f6,e574210de335ea185b6de0803243febb7f8c9d78f21da7d6230e3a60a01d235b,loco-tier-matched-oa-full-20260717-r2,upgrade-bench-v2/loco-tier-matched/1
chain_mode,B2.conditional_recall_at_3,sheep,in_domain,,5,0.24166666666666664,0.049441323247304408,c98f7aeb57adbe94543854ceb878eadb8990b07dc38ce154c1bc70c131284164,139be54b3375cf21728b668ee00b7b0f439897fe29a54c169fde098d87c15c3a,a9414c9762ff7faf23fa855b6f1305c777359e6c74bd9ef17a94ebbc5f37d187,e8ed359ce8144f152f1577c31edb5ab3c2f7027015a16881302c28f39f4b67f6,e574210de335ea185b6de0803243febb7f8c9d78f21da7d6230e3a60a01d235b,loco-tier-matched-oa-full-20260717-r2,upgrade-bench-v2/loco-tier-matched/1
chain_mode,B2.conditional_recall_at_3,cotton,loco,,5,0.40740740740740733,0.05848745073093984,c98f7aeb57adbe94543854ceb878eadb8990b07dc38ce154c1bc70c131284164,139be54b3375cf21728b668ee00b7b0f439897fe29a54c169fde098d87c15c3a,a9414c9762ff7faf23fa855b6f1305c777359e6c74bd9ef17a94ebbc5f37d187,e8ed359ce8144f152f1577c31edb5ab3c2f7027015a16881302c28f39f4b67f6,e574210de335ea185b6de0803243febb7f8c9d78f21da7d6230e3a60a01d235b,loco-tier-matched-oa-full-20260717-r2,upgrade-bench-v2/loco-tier-matched/1
chain_mode,B2.conditional_recall_at_3,cotton,in_domain,,5,0.33981481481481479,0.048697014045572987,c98f7aeb57adbe94543854ceb878eadb8990b07dc38ce154c1bc70c131284164,139be54b3375cf21728b668ee00b7b0f439897fe29a54c169fde098d87c15c3a,a9414c9762ff7faf23fa855b6f1305c777359e6c74bd9ef17a94ebbc5f37d187,e8ed359ce8144f152f1577c31edb5ab3c2f7027015a16881302c28f39f4b67f6,e574210de335ea185b6de0803243febb7f8c9d78f21da7d6230e3a60a01d235b,loco-tier-matched-oa-full-20260717-r2,upgrade-bench-v2/loco-tier-matched/1
chain_mode,B2.conditional_recall_at_3,aluminium,loco,,5,0.17665229885057471,0.050025693429385926,c98f7aeb57adbe94543854ceb878eadb8990b07dc38ce154c1bc70c131284164,139be54b3375cf21728b668ee00b7b0f439897fe29a54c169fde098d87c15c3a,a9414c9762ff7faf23fa855b6f1305c777359e6c74bd9ef17a94ebbc5f37d187,e8ed359ce8144f152f1577c31edb5ab3c2f7027015a16881302c28f39f4b67f6,e574210de335ea185b6de0803243febb7f8c9d78f21da7d6230e3a60a01d235b,loco-tier-matched-oa-full-20260717-r2,upgrade-bench-v2/loco-tier-matched/1
chain_mode,B2.conditional_recall_at_3,aluminium,in_domain,,5,0.27190879097488291,0.020972629537077205,c98f7aeb57adbe94543854ceb878eadb8990b07dc38ce154c1bc70c131284164,139be54b3375cf21728b668ee00b7b0f439897fe29a54c169fde098d87c15c3a,a9414c9762ff7faf23fa855b6f1305c777359e6c74bd9ef17a94ebbc5f37d187,e8ed359ce8144f152f1577c31edb5ab3c2f7027015a16881302c28f39f4b67f6,e574210de335ea185b6de0803243febb7f8c9d78f21da7d6230e3a60a01d235b,loco-tier-matched-oa-full-20260717-r2,upgrade-bench-v2/loco-tier-matched/1
chain_mode,B2.conditional_recall_at_3,nickel,loco,,5,0.30998251748251748,0.040023029922675882,c98f7aeb57adbe94543854ceb878eadb8990b07dc38ce154c1bc70c131284164,139be54b3375cf21728b668ee00b7b0f439897fe29a54c169fde098d87c15c3a,a9414c9762ff7faf23fa855b6f1305c777359e6c74bd9ef17a94ebbc5f37d187,e8ed359ce8144f152f1577c31edb5ab3c2f7027015a16881302c28f39f4b67f6,e574210de335ea185b6de0803243febb7f8c9d78f21da7d6230e3a60a01d235b,loco-tier-matched-oa-full-20260717-r2,upgrade-bench-v2/loco-tier-matched/1
chain_mode,B2.conditional_recall_at_3,nickel,in_domain,,5,0.29628982128982129,0.035773197202839557,c98f7aeb57adbe94543854ceb878eadb8990b07dc38ce154c1bc70c131284164,139be54b3375cf21728b668ee00b7b0f439897fe29a54c169fde098d87c15c3a,a9414c9762ff7faf23fa855b6f1305c777359e6c74bd9ef17a94ebbc5f37d187,e8ed359ce8144f152f1577c31edb5ab3c2f7027015a16881302c28f39f4b67f6,e574210de335ea185b6de0803243febb7f8c9d78f21da7d6230e3a60a01d235b,loco-tier-matched-oa-full-20260717-r2,upgrade-bench-v2/loco-tier-matched/1
chain_mode,B2.conditional_recall_at_3,cocoa,loco,,5,0.16500000000000001,0.077146531364587628,c98f7aeb57adbe94543854ceb878eadb8990b07dc38ce154c1bc70c131284164,139be54b3375cf21728b668ee00b7b0f439897fe29a54c169fde098d87c15c3a,a9414c9762ff7faf23fa855b6f1305c777359e6c74bd9ef17a94ebbc5f37d187,e8ed359ce8144f152f1577c31edb5ab3c2f7027015a16881302c28f39f4b67f6,e574210de335ea185b6de0803243febb7f8c9d78f21da7d6230e3a60a01d235b,loco-tier-matched-oa-full-20260717-r2,upgrade-bench-v2/loco-tier-matched/1
chain_mode,B2.conditional_recall_at_3,cocoa,in_domain,,5,0.28253968253968254,0.027069193646025128,c98f7aeb57adbe94543854ceb878eadb8990b07dc38ce154c1bc70c131284164,139be54b3375cf21728b668ee00b7b0f439897fe29a54c169fde098d87c15c3a,a9414c9762ff7faf23fa855b6f1305c777359e6c74bd9ef17a94ebbc5f37d187,e8ed359ce8144f152f1577c31edb5ab3c2f7027015a16881302c28f39f4b67f6,e574210de335ea185b6de0803243febb7f8c9d78f21da7d6230e3a60a01d235b,loco-tier-matched-oa-full-20260717-r2,upgrade-bench-v2/loco-tier-matched/1
chain_mode,B2.conditional_recall_at_3,oilseed-soy,loco,,5,0.1870098039215686,0.05917862140580972,c98f7aeb57adbe94543854ceb878eadb8990b07dc38ce154c1bc70c131284164,139be54b3375cf21728b668ee00b7b0f439897fe29a54c169fde098d87c15c3a,a9414c9762ff7faf23fa855b6f1305c777359e6c74bd9ef17a94ebbc5f37d187,e8ed359ce8144f152f1577c31edb5ab3c2f7027015a16881302c28f39f4b67f6,e574210de335ea185b6de0803243febb7f8c9d78f21da7d6230e3a60a01d235b,loco-tier-matched-oa-full-20260717-r2,upgrade-bench-v2/loco-tier-matched/1
chain_mode,B2.conditional_recall_at_3,oilseed-soy,in_domain,,5,0.21562091503267972,0.021856760320785838,c98f7aeb57adbe94543854ceb878eadb8990b07dc38ce154c1bc70c131284164,139be54b3375cf21728b668ee00b7b0f439897fe29a54c169fde098d87c15c3a,a9414c9762ff7faf23fa855b6f1305c777359e6c74bd9ef17a94ebbc5f37d187,e8ed359ce8144f152f1577c31edb5ab3c2f7027015a16881302c28f39f4b67f6,e574210de335ea185b6de0803243febb7f8c9d78f21da7d6230e3a60a01d235b,loco-tier-matched-oa-full-20260717-r2,upgrade-bench-v2/loco-tier-matched/1
matched_gap,B2.conditional_recall_at_3,__all__,,in_domain_minus_loco,30,0.026779592090894772,0.081341512864104543,c98f7aeb57adbe94543854ceb878eadb8990b07dc38ce154c1bc70c131284164,139be54b3375cf21728b668ee00b7b0f439897fe29a54c169fde098d87c15c3a,a9414c9762ff7faf23fa855b6f1305c777359e6c74bd9ef17a94ebbc5f37d187,e8ed359ce8144f152f1577c31edb5ab3c2f7027015a16881302c28f39f4b67f6,e574210de335ea185b6de0803243febb7f8c9d78f21da7d6230e3a60a01d235b,loco-tier-matched-oa-full-20260717-r2,upgrade-bench-v2/loco-tier-matched/1
