chain,sensitivity,slice,track,model,status,n,positives,clusters_or_entry_groups,primary_metric,primary_value,ci95_low,ci95_high,cluster_unit
sheep,identity,exporter_seen,A,size,complete,12880,518,57,average_precision,0.1416744530853847,0.10098851675359458,0.18590469615282953,exporter
sheep,identity,exporter_seen,A,gravity,complete,12880,518,57,average_precision,0.08052457892440745,0.061238670481456266,0.10618691362568192,exporter
sheep,identity,exporter_seen,A,historical_logistic_size_gravity,complete,12880,518,57,average_precision,0.13204752107080522,0.09791710716347979,0.16780860348722393,exporter
sheep,identity,exporter_seen,B1,upstream_capacity,complete,88,11,49,average_precision,0.1592453755923744,0.05840421168467387,0.3445163555614904,exporter
sheep,identity,exporter_seen,B1,historical_logistic_structural,complete,88,11,49,average_precision,0.14756690578791562,0.0559481124153881,0.34279331844717503,exporter
sheep,identity,exporter_seen,B2,processed_importer_demand,complete,1063,31,11,macro_recall_at_3,0.10101010101010101,0.0,0.2828282828282828,exporter_stage_entry
sheep,identity,exporter_seen,B2,gravity,complete,1063,31,11,macro_recall_at_3,0.10101010101010101,0.0,0.29292929292929293,exporter_stage_entry
sheep,identity,exporter_seen,B2,historical_logistic_demand_gravity,complete,1063,31,11,macro_recall_at_3,0.10101010101010101,0.0,0.2828282828282828,exporter_stage_entry
sheep,identity,exporter_unseen,A,size,complete,2273,34,18,average_precision,0.06417157258797329,0.021391007033410327,0.21495761063630459,exporter
sheep,identity,exporter_unseen,A,gravity,complete,2273,34,18,average_precision,0.03605192817847366,0.018724332062084327,0.06663568904743904,exporter
sheep,identity,exporter_unseen,A,historical_logistic_size_gravity,complete,2273,34,18,average_precision,0.06115517857064108,0.020342462114180553,0.1926900924382352,exporter
sheep,identity,exporter_unseen,B1,upstream_capacity,complete,46,9,25,average_precision,0.3917650457373243,0.2253635572051787,0.6879515796703298,exporter
sheep,identity,exporter_unseen,B1,historical_logistic_structural,complete,46,9,25,average_precision,0.1859078410970274,0.09651889697335257,0.4210825188959562,exporter
sheep,identity,exporter_unseen,B2,processed_importer_demand,complete,936,15,9,macro_recall_at_3,0.25925925925925924,0.037037037037037035,0.5925925925925926,exporter_stage_entry
sheep,identity,exporter_unseen,B2,gravity,complete,936,15,9,macro_recall_at_3,0.1111111111111111,0.0,0.33611111111111175,exporter_stage_entry
sheep,identity,exporter_unseen,B2,historical_logistic_demand_gravity,complete,936,15,9,macro_recall_at_3,0.14814814814814814,0.0,0.40740740740740744,exporter_stage_entry
sheep,identity,importer_seen,A,size,complete,12685,530,75,average_precision,0.1389767348936248,0.10010383624651295,0.1874756444972837,exporter
sheep,identity,importer_seen,A,gravity,complete,12685,530,75,average_precision,0.07980229678469156,0.06208891658413002,0.10956399723555257,exporter
sheep,identity,importer_seen,A,historical_logistic_size_gravity,complete,12685,530,75,average_precision,0.12915992181625627,0.10044594945643044,0.1602635311835411,exporter
sheep,identity,importer_seen,B2,processed_importer_demand,complete,1536,43,19,macro_recall_at_3,0.1820175438596491,0.05263157894736842,0.3514802631578949,exporter_stage_entry
sheep,identity,importer_seen,B2,gravity,complete,1536,43,19,macro_recall_at_3,0.1118421052631579,0.0,0.23108552631578966,exporter_stage_entry
sheep,identity,importer_seen,B2,historical_logistic_demand_gravity,complete,1536,43,19,macro_recall_at_3,0.12938596491228072,0.00641447368421053,0.2808662280701755,exporter_stage_entry
sheep,identity,importer_unseen,A,size,complete,2468,22,75,average_precision,0.10578680098026712,0.0200606624620935,0.22660275597177792,exporter
sheep,identity,importer_unseen,A,gravity,complete,2468,22,75,average_precision,0.020919166007509937,0.008682948400281046,0.05143819701996588,exporter
sheep,identity,importer_unseen,A,historical_logistic_size_gravity,complete,2468,22,75,average_precision,0.09720763085796594,0.02097861276767761,0.2155746056353944,exporter
sheep,identity,importer_unseen,B2,processed_importer_demand,complete,88,3,2,macro_recall_at_3,0.0,0.0,0.0,exporter_stage_entry
sheep,identity,importer_unseen,B2,gravity,complete,88,3,2,macro_recall_at_3,0.0,0.0,0.0,exporter_stage_entry
sheep,identity,importer_unseen,B2,historical_logistic_demand_gravity,complete,88,3,2,macro_recall_at_3,0.0,0.0,0.0,exporter_stage_entry
sheep,entity_exclusion,exclude_hubs,A,size,complete,13013,441,69,average_precision,0.14515415118703753,0.10407102139520645,0.1907782691300029,exporter
sheep,entity_exclusion,exclude_hubs,A,gravity,complete,13013,441,69,average_precision,0.0689921136594318,0.05455573260100059,0.08894837101149188,exporter
sheep,entity_exclusion,exclude_hubs,A,historical_logistic_size_gravity,complete,13013,441,69,average_precision,0.12744643346627607,0.09119436043542474,0.16675383355214493,exporter
sheep,entity_exclusion,exclude_hubs,B1,upstream_capacity,complete,128,19,69,average_precision,0.17707736839401095,0.11066678831791944,0.33681317316383796,exporter
sheep,entity_exclusion,exclude_hubs,B1,historical_logistic_structural,complete,128,19,69,average_precision,0.14477025522305637,0.0769835308004888,0.2940791450852206,exporter
sheep,entity_exclusion,exclude_hubs,B2,processed_importer_demand,complete,1820,38,19,macro_recall_at_3,0.18295739348370926,0.03239348370927318,0.3486215538847119,exporter_stage_entry
sheep,entity_exclusion,exclude_hubs,B2,gravity,complete,1820,38,19,macro_recall_at_3,0.11278195488721804,0.0,0.22650375939849643,exporter_stage_entry
sheep,entity_exclusion,exclude_hubs,B2,historical_logistic_demand_gravity,complete,1820,38,19,macro_recall_at_3,0.13032581453634084,0.022556390977443608,0.2986842105263159,exporter_stage_entry
sheep,entity_exclusion,exclude_bad_iso,A,size,complete,15153,552,75,average_precision,0.13592994670983438,0.09928344159715384,0.176470816389549,exporter
sheep,entity_exclusion,exclude_bad_iso,A,gravity,complete,15153,552,75,average_precision,0.07703169516775323,0.06011279821735997,0.09775691976746044,exporter
sheep,entity_exclusion,exclude_bad_iso,A,historical_logistic_size_gravity,complete,15153,552,75,average_precision,0.12664335451457143,0.09963460817600835,0.15838147702225733,exporter
sheep,entity_exclusion,exclude_bad_iso,B1,upstream_capacity,complete,134,20,74,average_precision,0.1747755731175697,0.09811362173031125,0.3383646926796159,exporter
sheep,entity_exclusion,exclude_bad_iso,B1,historical_logistic_structural,complete,134,20,74,average_precision,0.14516138643617044,0.0869316342665651,0.3049483899891355,exporter
sheep,entity_exclusion,exclude_bad_iso,B2,processed_importer_demand,complete,1999,46,20,macro_recall_at_3,0.17222222222222222,0.04972222222222223,0.3277777777777778,exporter_stage_entry
sheep,entity_exclusion,exclude_bad_iso,B2,gravity,complete,1999,46,20,macro_recall_at_3,0.10555555555555556,0.0,0.26222222222222247,exporter_stage_entry
sheep,entity_exclusion,exclude_bad_iso,B2,historical_logistic_demand_gravity,complete,1999,46,20,macro_recall_at_3,0.12222222222222223,0.010972222222222223,0.3,exporter_stage_entry
sheep,entity_exclusion,exclude_hubs_and_bad_iso,A,size,complete,13013,441,69,average_precision,0.14515415118703753,0.10788275688408408,0.18644335381369306,exporter
sheep,entity_exclusion,exclude_hubs_and_bad_iso,A,gravity,complete,13013,441,69,average_precision,0.0689921136594318,0.054190898280135444,0.08654710046980638,exporter
sheep,entity_exclusion,exclude_hubs_and_bad_iso,A,historical_logistic_size_gravity,complete,13013,441,69,average_precision,0.12744643346627607,0.09592190757467657,0.16660985543065385,exporter
sheep,entity_exclusion,exclude_hubs_and_bad_iso,B1,upstream_capacity,complete,128,19,69,average_precision,0.17707736839401095,0.09695725742600743,0.3502884583399211,exporter
sheep,entity_exclusion,exclude_hubs_and_bad_iso,B1,historical_logistic_structural,complete,128,19,69,average_precision,0.14477025522305637,0.08800269979492809,0.28221787702213685,exporter
sheep,entity_exclusion,exclude_hubs_and_bad_iso,B2,processed_importer_demand,complete,1820,38,19,macro_recall_at_3,0.18295739348370926,0.03220551378446116,0.34843358395989976,exporter_stage_entry
sheep,entity_exclusion,exclude_hubs_and_bad_iso,B2,gravity,complete,1820,38,19,macro_recall_at_3,0.11278195488721804,0.0,0.2708646616541354,exporter_stage_entry
sheep,entity_exclusion,exclude_hubs_and_bad_iso,B2,historical_logistic_demand_gravity,complete,1820,38,19,macro_recall_at_3,0.13032581453634084,0.007518796992481203,0.2358395989974938,exporter_stage_entry
sheep,threshold_outcome_only,threshold_50_kusd,A,size,complete,15153,840,75,average_precision,0.1723414529679023,0.1367721283469998,0.21272366712117585,exporter
sheep,threshold_outcome_only,threshold_50_kusd,A,gravity,complete,15153,840,75,average_precision,0.11472770609993163,0.08991957884385653,0.14156203837655795,exporter
sheep,threshold_outcome_only,threshold_50_kusd,A,historical_logistic_size_gravity,complete,15153,840,75,average_precision,0.17126310676415524,0.1359441674849287,0.20980689310466,exporter
sheep,threshold_outcome_only,threshold_50_kusd,B1,upstream_capacity,complete,134,34,74,average_precision,0.2828360868775587,0.20071027310440162,0.4374583308074631,exporter
sheep,threshold_outcome_only,threshold_50_kusd,B1,historical_logistic_structural,complete,134,34,74,average_precision,0.2662085478837017,0.17568015834729173,0.4031948177950709,exporter
sheep,threshold_outcome_only,threshold_50_kusd,B2,processed_importer_demand,complete,3200,77,34,macro_recall_at_3,0.132459505541347,0.04896099744245524,0.22087595907928392,exporter_stage_entry
sheep,threshold_outcome_only,threshold_50_kusd,B2,gravity,complete,3200,77,34,macro_recall_at_3,0.11285166240409207,0.0196078431372549,0.21341911764705887,exporter_stage_entry
sheep,threshold_outcome_only,threshold_50_kusd,B2,historical_logistic_demand_gravity,complete,3200,77,34,macro_recall_at_3,0.132459505541347,0.05133205456095482,0.23284846547314575,exporter_stage_entry
sheep,threshold_outcome_only,threshold_100_kusd,A,size,complete,15153,552,75,average_precision,0.13592994670983438,0.09719451627650905,0.17765178130634418,exporter
sheep,threshold_outcome_only,threshold_100_kusd,A,gravity,complete,15153,552,75,average_precision,0.07703169516775323,0.06159479682757645,0.09939633342540796,exporter
sheep,threshold_outcome_only,threshold_100_kusd,A,historical_logistic_size_gravity,complete,15153,552,75,average_precision,0.12664335451457143,0.08619713161796243,0.16838414407828475,exporter
sheep,threshold_outcome_only,threshold_100_kusd,B1,upstream_capacity,complete,134,20,74,average_precision,0.1747755731175697,0.10882505289827556,0.31287393158207816,exporter
sheep,threshold_outcome_only,threshold_100_kusd,B1,historical_logistic_structural,complete,134,20,74,average_precision,0.14516138643617044,0.08321395308171232,0.2822890308865101,exporter
sheep,threshold_outcome_only,threshold_100_kusd,B2,processed_importer_demand,complete,1999,46,20,macro_recall_at_3,0.17222222222222222,0.02222222222222222,0.32222222222222224,exporter_stage_entry
sheep,threshold_outcome_only,threshold_100_kusd,B2,gravity,complete,1999,46,20,macro_recall_at_3,0.10555555555555556,0.0,0.25,exporter_stage_entry
sheep,threshold_outcome_only,threshold_100_kusd,B2,historical_logistic_demand_gravity,complete,1999,46,20,macro_recall_at_3,0.12222222222222223,0.016666666666666666,0.26138888888888895,exporter_stage_entry
sheep,threshold_outcome_only,threshold_250_kusd,A,size,complete,15153,300,75,average_precision,0.0965804246994749,0.06641574260131039,0.13730114988382264,exporter
sheep,threshold_outcome_only,threshold_250_kusd,A,gravity,complete,15153,300,75,average_precision,0.04241133522835375,0.03267111732283201,0.05667699299752626,exporter
sheep,threshold_outcome_only,threshold_250_kusd,A,historical_logistic_size_gravity,complete,15153,300,75,average_precision,0.08176716186341508,0.05964778716576961,0.10745321858479094,exporter
sheep,threshold_outcome_only,threshold_250_kusd,B1,upstream_capacity,complete,134,10,74,average_precision,0.09085376797368935,0.046835556221849615,0.1790397763959369,exporter
sheep,threshold_outcome_only,threshold_250_kusd,B1,historical_logistic_structural,complete,134,10,74,average_precision,0.0730057744461479,0.03554769066320509,0.23275184372529098,exporter
sheep,threshold_outcome_only,threshold_250_kusd,B2,processed_importer_demand,complete,1209,18,10,macro_recall_at_3,0.1,0.0,0.3,exporter_stage_entry
sheep,threshold_outcome_only,threshold_250_kusd,B2,gravity,complete,1209,18,10,macro_recall_at_3,0.11428571428571428,0.0,0.32857142857142857,exporter_stage_entry
sheep,threshold_outcome_only,threshold_250_kusd,B2,historical_logistic_demand_gravity,complete,1209,18,10,macro_recall_at_3,0.11428571428571428,0.0,0.3146428571428572,exporter_stage_entry
sheep,persistence,active_at_least_3_of_5_years_above_100_kusd,A,size,complete,15153,393,75,average_precision,0.09866542505742022,0.06527386060208655,0.13001579254887183,exporter
sheep,persistence,active_at_least_3_of_5_years_above_100_kusd,A,gravity,complete,15153,393,75,average_precision,0.05365778704869776,0.0398919256499523,0.07284031373980861,exporter
sheep,persistence,active_at_least_3_of_5_years_above_100_kusd,A,historical_logistic_size_gravity,complete,15153,393,75,average_precision,0.09080151421696812,0.06814939330796704,0.12779630608761683,exporter
sheep,persistence,active_at_least_3_of_5_years_above_100_kusd,B1,upstream_capacity,complete,134,13,74,average_precision,0.1114612495803494,0.06533837752767392,0.191703202260277,exporter
sheep,persistence,active_at_least_3_of_5_years_above_100_kusd,B1,historical_logistic_structural,complete,134,13,74,average_precision,0.11876419588069112,0.05230116435183961,0.3192162954418099,exporter
sheep,persistence,active_at_least_3_of_5_years_above_100_kusd,B2,processed_importer_demand,complete,1280,30,13,macro_recall_at_3,0.19780219780219782,0.010851648351648353,0.42953296703296723,exporter_stage_entry
sheep,persistence,active_at_least_3_of_5_years_above_100_kusd,B2,gravity,complete,1280,30,13,macro_recall_at_3,0.16483516483516483,0.01071428571428572,0.38461538461538464,exporter_stage_entry
sheep,persistence,active_at_least_3_of_5_years_above_100_kusd,B2,historical_logistic_demand_gravity,complete,1280,30,13,macro_recall_at_3,0.2032967032967033,0.021978021978021976,0.39560439560439564,exporter_stage_entry
cotton,identity,exporter_seen,A,size,complete,103892,3033,138,average_precision,0.1674247076298704,0.1447294723779296,0.19381811415764197,exporter
cotton,identity,exporter_seen,A,gravity,complete,103892,3033,138,average_precision,0.09225978512265855,0.07803924909954228,0.10817806043787137,exporter
cotton,identity,exporter_seen,A,historical_logistic_size_gravity,complete,103892,3033,138,average_precision,0.14316577883697346,0.12329577918270784,0.16393810565669026,exporter
cotton,identity,exporter_seen,B1,upstream_capacity,complete,218,24,74,average_precision,0.10150983687629954,0.060712663247484706,0.17369776910523752,exporter
cotton,identity,exporter_seen,B1,historical_logistic_structural,complete,218,24,74,average_precision,0.1178067398671137,0.07039496021225639,0.20303360003104282,exporter
cotton,identity,exporter_seen,B2,processed_importer_demand,complete,3556,30,24,macro_recall_at_3,0.013888888888888888,0.0,0.041666666666666664,exporter_stage_entry
cotton,identity,exporter_seen,B2,gravity,complete,3556,30,24,macro_recall_at_3,0.20833333333333334,0.041666666666666664,0.375,exporter_stage_entry
cotton,identity,exporter_seen,B2,historical_logistic_demand_gravity,complete,3556,30,24,macro_recall_at_3,0.08333333333333333,0.0,0.20833333333333334,exporter_stage_entry
cotton,identity,exporter_unseen,A,size,complete,4148,51,12,average_precision,0.24191762105606282,0.06782076567123582,0.39388673997650875,exporter
cotton,identity,exporter_unseen,A,gravity,complete,4148,51,12,average_precision,0.11779537898583609,0.014011364731659369,0.2784569641971825,exporter
cotton,identity,exporter_unseen,A,historical_logistic_size_gravity,complete,4148,51,12,average_precision,0.24652738235867774,0.04619321092150149,0.35268255058169656,exporter
cotton,identity,exporter_unseen,B1,upstream_capacity,complete,102,12,33,average_precision,0.37661267429506723,0.1272642344717898,0.5987806917173233,exporter
cotton,identity,exporter_unseen,B1,historical_logistic_structural,complete,102,12,33,average_precision,0.2002570678290047,0.13093067752430576,0.38325070839569564,exporter
cotton,identity,exporter_unseen,B2,processed_importer_demand,complete,1993,14,12,macro_recall_at_3,0.4583333333333333,0.16666666666666666,0.75,exporter_stage_entry
cotton,identity,exporter_unseen,B2,gravity,complete,1993,14,12,macro_recall_at_3,0.375,0.125,0.625,exporter_stage_entry
cotton,identity,exporter_unseen,B2,historical_logistic_demand_gravity,complete,1993,14,12,macro_recall_at_3,0.375,0.125,0.5843750000000003,exporter_stage_entry
cotton,identity,importer_seen,A,size,complete,104433,3029,150,average_precision,0.16877484187622122,0.1449464217252805,0.197244359508864,exporter
cotton,identity,importer_seen,A,gravity,complete,104433,3029,150,average_precision,0.0931794681823726,0.07802569405578479,0.11326880688823641,exporter
cotton,identity,importer_seen,A,historical_logistic_size_gravity,complete,104433,3029,150,average_precision,0.14484622658908086,0.12558433488939702,0.16882760117694307,exporter
cotton,identity,importer_seen,B2,processed_importer_demand,complete,5403,44,36,macro_recall_at_3,0.16203703703703703,0.04618055555555556,0.28715277777777776,exporter_stage_entry
cotton,identity,importer_seen,B2,gravity,complete,5403,44,36,macro_recall_at_3,0.2638888888888889,0.12465277777777778,0.4027777777777778,exporter_stage_entry
cotton,identity,importer_seen,B2,historical_logistic_demand_gravity,complete,5403,44,36,macro_recall_at_3,0.18055555555555555,0.06944444444444445,0.3194444444444444,exporter_stage_entry
cotton,identity,importer_unseen,A,size,complete,3607,55,150,average_precision,0.1519090732947855,0.0949017702178574,0.23645135385612787,exporter
cotton,identity,importer_unseen,A,gravity,complete,3607,55,150,average_precision,0.045971416850374376,0.02319569724843246,0.10618396127858178,exporter
cotton,identity,importer_unseen,A,historical_logistic_size_gravity,complete,3607,55,150,average_precision,0.11846042507188251,0.07090097663627241,0.19864075251011074,exporter
cotton,identity,importer_unseen,B2,processed_importer_demand,no_positive_entry_groups,0,0,0,macro_recall_at_3,,,,exporter_stage_entry
cotton,identity,importer_unseen,B2,gravity,no_positive_entry_groups,0,0,0,macro_recall_at_3,,,,exporter_stage_entry
cotton,identity,importer_unseen,B2,historical_logistic_demand_gravity,no_positive_entry_groups,0,0,0,macro_recall_at_3,,,,exporter_stage_entry
cotton,entity_exclusion,exclude_hubs,A,size,complete,98652,2606,143,average_precision,0.16321607804807658,0.13671853516725657,0.1928793964868474,exporter
cotton,entity_exclusion,exclude_hubs,A,gravity,complete,98652,2606,143,average_precision,0.08308551433469258,0.06941708829520635,0.09933752066608098,exporter
cotton,entity_exclusion,exclude_hubs,A,historical_logistic_size_gravity,complete,98652,2606,143,average_precision,0.13440499721251373,0.11428921024003588,0.15746783797256053,exporter
cotton,entity_exclusion,exclude_hubs,B1,upstream_capacity,complete,318,35,105,average_precision,0.15013269655050104,0.07846762810245497,0.252476300485615,exporter
cotton,entity_exclusion,exclude_hubs,B1,historical_logistic_structural,complete,318,35,105,average_precision,0.13383456709498454,0.09018551539744309,0.19857043353291776,exporter
cotton,entity_exclusion,exclude_hubs,B2,processed_importer_demand,complete,5061,41,34,macro_recall_at_3,0.18627450980392157,0.05857843137254903,0.3333333333333333,exporter_stage_entry
cotton,entity_exclusion,exclude_hubs,B2,gravity,complete,5061,41,34,macro_recall_at_3,0.29411764705882354,0.14705882352941177,0.4419117647058825,exporter_stage_entry
cotton,entity_exclusion,exclude_hubs,B2,historical_logistic_demand_gravity,complete,5061,41,34,macro_recall_at_3,0.20588235294117646,0.058823529411764705,0.3536764705882355,exporter_stage_entry
cotton,entity_exclusion,exclude_bad_iso,A,size,complete,108040,3084,150,average_precision,0.16792714538640993,0.1452173212507836,0.19491838031992792,exporter
cotton,entity_exclusion,exclude_bad_iso,A,gravity,complete,108040,3084,150,average_precision,0.09238038823398025,0.07920496286867038,0.10828900726533774,exporter
cotton,entity_exclusion,exclude_bad_iso,A,historical_logistic_size_gravity,complete,108040,3084,150,average_precision,0.14404663596472522,0.12238293067247753,0.16876717667587599,exporter
cotton,entity_exclusion,exclude_bad_iso,B1,upstream_capacity,complete,320,36,107,average_precision,0.14973379027379435,0.09151232072510845,0.2757664816851044,exporter
cotton,entity_exclusion,exclude_bad_iso,B1,historical_logistic_structural,complete,320,36,107,average_precision,0.13527555260936724,0.09716275458182337,0.19846678281409577,exporter
cotton,entity_exclusion,exclude_bad_iso,B2,processed_importer_demand,complete,5549,44,36,macro_recall_at_3,0.16203703703703703,0.05543981481481482,0.28287037037037044,exporter_stage_entry
cotton,entity_exclusion,exclude_bad_iso,B2,gravity,complete,5549,44,36,macro_recall_at_3,0.2638888888888889,0.125,0.41701388888888896,exporter_stage_entry
cotton,entity_exclusion,exclude_bad_iso,B2,historical_logistic_demand_gravity,complete,5549,44,36,macro_recall_at_3,0.18055555555555555,0.05555555555555555,0.3333333333333333,exporter_stage_entry
cotton,entity_exclusion,exclude_hubs_and_bad_iso,A,size,complete,98652,2606,143,average_precision,0.16321607804807658,0.13588923702531147,0.1905171248830471,exporter
cotton,entity_exclusion,exclude_hubs_and_bad_iso,A,gravity,complete,98652,2606,143,average_precision,0.08308551433469258,0.06709816282263745,0.10007096077310024,exporter
cotton,entity_exclusion,exclude_hubs_and_bad_iso,A,historical_logistic_size_gravity,complete,98652,2606,143,average_precision,0.13440499721251373,0.11750092949617323,0.15734648118563743,exporter
cotton,entity_exclusion,exclude_hubs_and_bad_iso,B1,upstream_capacity,complete,318,35,105,average_precision,0.15013269655050104,0.08579271113828893,0.2592434445885865,exporter
cotton,entity_exclusion,exclude_hubs_and_bad_iso,B1,historical_logistic_structural,complete,318,35,105,average_precision,0.13383456709498454,0.08696397776875338,0.1984660815792476,exporter
cotton,entity_exclusion,exclude_hubs_and_bad_iso,B2,processed_importer_demand,complete,5061,41,34,macro_recall_at_3,0.18627450980392157,0.08823529411764706,0.30416666666666675,exporter_stage_entry
cotton,entity_exclusion,exclude_hubs_and_bad_iso,B2,gravity,complete,5061,41,34,macro_recall_at_3,0.29411764705882354,0.17573529411764707,0.4411764705882353,exporter_stage_entry
cotton,entity_exclusion,exclude_hubs_and_bad_iso,B2,historical_logistic_demand_gravity,complete,5061,41,34,macro_recall_at_3,0.20588235294117646,0.08823529411764706,0.35294117647058826,exporter_stage_entry
cotton,threshold_outcome_only,threshold_50_kusd,A,size,complete,108040,5105,150,average_precision,0.2298134296780754,0.20371660759909624,0.2582307776788781,exporter
cotton,threshold_outcome_only,threshold_50_kusd,A,gravity,complete,108040,5105,150,average_precision,0.1480087301146386,0.12870698550106358,0.16951239938230528,exporter
cotton,threshold_outcome_only,threshold_50_kusd,A,historical_logistic_size_gravity,complete,108040,5105,150,average_precision,0.21555666727148498,0.1938587969686001,0.23869011219299072,exporter
cotton,threshold_outcome_only,threshold_50_kusd,B1,upstream_capacity,complete,320,63,107,average_precision,0.24203022816984276,0.17477268002773425,0.30935126137187696,exporter
cotton,threshold_outcome_only,threshold_50_kusd,B1,historical_logistic_structural,complete,320,63,107,average_precision,0.31513996986395654,0.2166184396295666,0.4308111064977886,exporter
cotton,threshold_outcome_only,threshold_50_kusd,B2,processed_importer_demand,complete,10179,82,63,macro_recall_at_3,0.17724867724867727,0.08723544973544974,0.27255291005291005,exporter_stage_entry
cotton,threshold_outcome_only,threshold_50_kusd,B2,gravity,complete,10179,82,63,macro_recall_at_3,0.30687830687830686,0.2220899470899471,0.4154100529100529,exporter_stage_entry
cotton,threshold_outcome_only,threshold_50_kusd,B2,historical_logistic_demand_gravity,complete,10179,82,63,macro_recall_at_3,0.21957671957671956,0.14014550264550263,0.31752645502645505,exporter_stage_entry
cotton,threshold_outcome_only,threshold_100_kusd,A,size,complete,108040,3084,150,average_precision,0.16792714538640993,0.14585172706050012,0.19210297938820545,exporter
cotton,threshold_outcome_only,threshold_100_kusd,A,gravity,complete,108040,3084,150,average_precision,0.09238038823398025,0.07932746797245066,0.10846227798358456,exporter
cotton,threshold_outcome_only,threshold_100_kusd,A,historical_logistic_size_gravity,complete,108040,3084,150,average_precision,0.14404663596472522,0.12328949422170862,0.16998820876311874,exporter
cotton,threshold_outcome_only,threshold_100_kusd,B1,upstream_capacity,complete,320,36,107,average_precision,0.14973379027379435,0.08499623675533965,0.26275408399074907,exporter
cotton,threshold_outcome_only,threshold_100_kusd,B1,historical_logistic_structural,complete,320,36,107,average_precision,0.13527555260936724,0.09430642410035923,0.19742042563397771,exporter
cotton,threshold_outcome_only,threshold_100_kusd,B2,processed_importer_demand,complete,5549,44,36,macro_recall_at_3,0.16203703703703703,0.06481481481481481,0.2640046296296297,exporter_stage_entry
cotton,threshold_outcome_only,threshold_100_kusd,B2,gravity,complete,5549,44,36,macro_recall_at_3,0.2638888888888889,0.13854166666666667,0.4166666666666667,exporter_stage_entry
cotton,threshold_outcome_only,threshold_100_kusd,B2,historical_logistic_demand_gravity,complete,5549,44,36,macro_recall_at_3,0.18055555555555555,0.06909722222222223,0.3333333333333333,exporter_stage_entry
cotton,threshold_outcome_only,threshold_250_kusd,A,size,complete,108040,1396,150,average_precision,0.09954909515579045,0.07621386697967057,0.12838795890411298,exporter
cotton,threshold_outcome_only,threshold_250_kusd,A,gravity,complete,108040,1396,150,average_precision,0.042023787246265674,0.03387854424686273,0.05404500205924543,exporter
cotton,threshold_outcome_only,threshold_250_kusd,A,historical_logistic_size_gravity,complete,108040,1396,150,average_precision,0.07091544704736077,0.05666813300557053,0.08764536394953544,exporter
cotton,threshold_outcome_only,threshold_250_kusd,B1,upstream_capacity,complete,320,11,107,average_precision,0.04723396034264979,0.026346264237130095,0.14528359655659648,exporter
cotton,threshold_outcome_only,threshold_250_kusd,B1,historical_logistic_structural,complete,320,11,107,average_precision,0.06278482860911418,0.022383752224645306,0.13492262441444428,exporter
cotton,threshold_outcome_only,threshold_250_kusd,B2,processed_importer_demand,complete,1569,14,11,macro_recall_at_3,0.1212121212121212,0.0,0.3333333333333333,exporter_stage_entry
cotton,threshold_outcome_only,threshold_250_kusd,B2,gravity,complete,1569,14,11,macro_recall_at_3,0.36363636363636365,0.09090909090909091,0.6386363636363641,exporter_stage_entry
cotton,threshold_outcome_only,threshold_250_kusd,B2,historical_logistic_demand_gravity,complete,1569,14,11,macro_recall_at_3,0.2727272727272727,0.0,0.5454545454545454,exporter_stage_entry
cotton,persistence,active_at_least_3_of_5_years_above_100_kusd,A,size,complete,108040,2368,150,average_precision,0.14094522628489065,0.11907718585263374,0.16491251995524236,exporter
cotton,persistence,active_at_least_3_of_5_years_above_100_kusd,A,gravity,complete,108040,2368,150,average_precision,0.07344986476787248,0.06240707920805223,0.08762254719758387,exporter
cotton,persistence,active_at_least_3_of_5_years_above_100_kusd,A,historical_logistic_size_gravity,complete,108040,2368,150,average_precision,0.11797256293150588,0.09970851013967058,0.1438064735512614,exporter
cotton,persistence,active_at_least_3_of_5_years_above_100_kusd,B1,upstream_capacity,complete,320,21,107,average_precision,0.08315422197514519,0.04772319331263245,0.16361164418077825,exporter
cotton,persistence,active_at_least_3_of_5_years_above_100_kusd,B1,historical_logistic_structural,complete,320,21,107,average_precision,0.0678273267433829,0.03542205219374534,0.117549557545039,exporter
cotton,persistence,active_at_least_3_of_5_years_above_100_kusd,B2,processed_importer_demand,complete,3262,25,21,macro_recall_at_3,0.19047619047619047,0.047619047619047616,0.38095238095238093,exporter_stage_entry
cotton,persistence,active_at_least_3_of_5_years_above_100_kusd,B2,gravity,complete,3262,25,21,macro_recall_at_3,0.2857142857142857,0.09523809523809523,0.5238095238095238,exporter_stage_entry
cotton,persistence,active_at_least_3_of_5_years_above_100_kusd,B2,historical_logistic_demand_gravity,complete,3262,25,21,macro_recall_at_3,0.19047619047619047,0.047619047619047616,0.3333333333333333,exporter_stage_entry
aluminium,identity,exporter_seen,A,size,complete,71089,3313,96,average_precision,0.15625321744929846,0.13426413233402287,0.1822625849978863,exporter
aluminium,identity,exporter_seen,A,gravity,complete,71089,3313,96,average_precision,0.17115790366935263,0.14256755226264778,0.20519254022504826,exporter
aluminium,identity,exporter_seen,A,historical_logistic_size_gravity,complete,71089,3313,96,average_precision,0.18455743579294015,0.16006794342134958,0.2133324265459737,exporter
aluminium,identity,exporter_seen,B1,upstream_capacity,complete,209,48,68,average_precision,0.29299983514479555,0.21009669203100478,0.4261723257031249,exporter
aluminium,identity,exporter_seen,B1,historical_logistic_structural,complete,209,48,68,average_precision,0.4728123959351217,0.34561460141899253,0.6337998716657816,exporter
aluminium,identity,exporter_seen,B2,processed_importer_demand,complete,6698,145,48,macro_recall_at_3,0.1419699872286079,0.07772230204342273,0.23097401819923372,exporter_stage_entry
aluminium,identity,exporter_seen,B2,gravity,complete,6698,145,48,macro_recall_at_3,0.20490900383141764,0.10622715118135377,0.29588411957215843,exporter_stage_entry
aluminium,identity,exporter_seen,B2,historical_logistic_demand_gravity,complete,6698,145,48,macro_recall_at_3,0.23803480204342273,0.14471184546615581,0.35783225574712646,exporter_stage_entry
aluminium,identity,exporter_unseen,A,size,complete,10123,174,28,average_precision,0.19171776158747528,0.057166128760562596,0.27223689806045814,exporter
aluminium,identity,exporter_unseen,A,gravity,complete,10123,174,28,average_precision,0.10101827281639986,0.053903277262119124,0.16414259941210024,exporter
aluminium,identity,exporter_unseen,A,historical_logistic_size_gravity,complete,10123,174,28,average_precision,0.15087511410064705,0.0692742307333517,0.26272304166412896,exporter
aluminium,identity,exporter_unseen,B1,upstream_capacity,complete,149,24,39,average_precision,0.21633339510971164,0.12765550019987368,0.42579452136141555,exporter
aluminium,identity,exporter_unseen,B1,historical_logistic_structural,complete,149,24,39,average_precision,0.31105434555067774,0.20506159333301885,0.5119380978786757,exporter
aluminium,identity,exporter_unseen,B2,processed_importer_demand,complete,3863,36,24,macro_recall_at_3,0.09375,0.010156250000000006,0.19791666666666666,exporter_stage_entry
aluminium,identity,exporter_unseen,B2,gravity,complete,3863,36,24,macro_recall_at_3,0.3958333333333333,0.21848958333333335,0.5520833333333334,exporter_stage_entry
aluminium,identity,exporter_unseen,B2,historical_logistic_demand_gravity,complete,3863,36,24,macro_recall_at_3,0.2916666666666667,0.14583333333333334,0.4377604166666667,exporter_stage_entry
aluminium,identity,importer_seen,A,size,complete,76417,3387,124,average_precision,0.15591683560333183,0.1354857951759997,0.18163290333612547,exporter
aluminium,identity,importer_seen,A,gravity,complete,76417,3387,124,average_precision,0.16843661337164476,0.14353109367064057,0.20076540287793165,exporter
aluminium,identity,importer_seen,A,historical_logistic_size_gravity,complete,76417,3387,124,average_precision,0.18293377505505398,0.1544745116173188,0.2169479048225667,exporter
aluminium,identity,importer_seen,B2,processed_importer_demand,complete,9858,176,71,macro_recall_at_3,0.127669850520749,0.06926764610652421,0.19998360854783875,exporter_stage_entry
aluminium,identity,importer_seen,B2,gravity,complete,9858,176,71,macro_recall_at_3,0.27233284766067667,0.1845821866062274,0.36301805083373806,exporter_stage_entry
aluminium,identity,importer_seen,B2,historical_logistic_demand_gravity,complete,9858,176,71,macro_recall_at_3,0.2595164858885111,0.16845002967999564,0.330811478063785,exporter_stage_entry
aluminium,identity,importer_unseen,A,size,complete,4795,100,124,average_precision,0.24418752427550264,0.15028054149309056,0.37017933800018077,exporter
aluminium,identity,importer_unseen,A,gravity,complete,4795,100,124,average_precision,0.1395314986731972,0.07611044441282676,0.25324841039017393,exporter
aluminium,identity,importer_unseen,A,historical_logistic_size_gravity,complete,4795,100,124,average_precision,0.22344148147886034,0.14274194694978362,0.35659711942946265,exporter
aluminium,identity,importer_unseen,B2,processed_importer_demand,complete,60,5,5,macro_recall_at_3,0.4,0.0,0.8,exporter_stage_entry
aluminium,identity,importer_unseen,B2,gravity,complete,60,5,5,macro_recall_at_3,1.0,1.0,1.0,exporter_stage_entry
aluminium,identity,importer_unseen,B2,historical_logistic_demand_gravity,complete,60,5,5,macro_recall_at_3,0.8,0.4,1.0,exporter_stage_entry
aluminium,entity_exclusion,exclude_hubs,A,size,complete,71873,2837,117,average_precision,0.15074958940798466,0.13229445706143408,0.17188631815141278,exporter
aluminium,entity_exclusion,exclude_hubs,A,gravity,complete,71873,2837,117,average_precision,0.1669235755102132,0.13765764567948952,0.1952333270783245,exporter
aluminium,entity_exclusion,exclude_hubs,A,historical_logistic_size_gravity,complete,71873,2837,117,average_precision,0.18038054844000972,0.1503267256224088,0.20877095181193617,exporter
aluminium,entity_exclusion,exclude_hubs,B1,upstream_capacity,complete,354,72,105,average_precision,0.26220767257190736,0.18790421029508245,0.38827063059760086,exporter
aluminium,entity_exclusion,exclude_hubs,B1,historical_logistic_structural,complete,354,72,105,average_precision,0.4158670082728866,0.3159914071799906,0.546607072787991,exporter
aluminium,entity_exclusion,exclude_hubs,B2,processed_importer_demand,complete,9885,172,71,macro_recall_at_3,0.12983176838810642,0.07023082942097027,0.20364192097026604,exporter_stage_entry
aluminium,entity_exclusion,exclude_hubs,B2,gravity,complete,9885,172,71,macro_recall_at_3,0.27400886802295255,0.18043035993740222,0.3571322378716745,exporter_stage_entry
aluminium,entity_exclusion,exclude_hubs,B2,historical_logistic_demand_gravity,complete,9885,172,71,macro_recall_at_3,0.2613262910798122,0.17696889671361504,0.3603755868544601,exporter_stage_entry
aluminium,entity_exclusion,exclude_bad_iso,A,size,complete,81212,3487,124,average_precision,0.15726923872268303,0.13722877765432054,0.18006759231521655,exporter
aluminium,entity_exclusion,exclude_bad_iso,A,gravity,complete,81212,3487,124,average_precision,0.16699738907198358,0.14270207032975046,0.1971838517927079,exporter
aluminium,entity_exclusion,exclude_bad_iso,A,historical_logistic_size_gravity,complete,81212,3487,124,average_precision,0.18239968134407625,0.1594554119217403,0.21423902976669967,exporter
aluminium,entity_exclusion,exclude_bad_iso,B1,upstream_capacity,complete,358,72,107,average_precision,0.26107238138897615,0.19477228212937153,0.37174100672877874,exporter
aluminium,entity_exclusion,exclude_bad_iso,B1,historical_logistic_structural,complete,358,72,107,average_precision,0.4147307430294906,0.3074048276137777,0.5308006009220747,exporter
aluminium,entity_exclusion,exclude_bad_iso,B2,processed_importer_demand,complete,10561,181,72,macro_recall_at_3,0.12589665815240528,0.07316903469561516,0.1959186089825458,exporter_stage_entry
aluminium,entity_exclusion,exclude_bad_iso,B2,gravity,complete,10561,181,72,macro_recall_at_3,0.2685504469987229,0.18692375744997874,0.35284662356321844,exporter_stage_entry
aluminium,entity_exclusion,exclude_bad_iso,B2,historical_logistic_demand_gravity,complete,10561,181,72,macro_recall_at_3,0.2559120902511707,0.1712743454661558,0.3520428240740741,exporter_stage_entry
aluminium,entity_exclusion,exclude_hubs_and_bad_iso,A,size,complete,71873,2837,117,average_precision,0.15074958940798466,0.12651258324778333,0.1766566696651081,exporter
aluminium,entity_exclusion,exclude_hubs_and_bad_iso,A,gravity,complete,71873,2837,117,average_precision,0.1669235755102132,0.13890870296016516,0.20129257087618205,exporter
aluminium,entity_exclusion,exclude_hubs_and_bad_iso,A,historical_logistic_size_gravity,complete,71873,2837,117,average_precision,0.18038054844000972,0.1512346186725784,0.20976655271899747,exporter
aluminium,entity_exclusion,exclude_hubs_and_bad_iso,B1,upstream_capacity,complete,354,72,105,average_precision,0.26220767257190736,0.18895019192749413,0.3646627530748235,exporter
aluminium,entity_exclusion,exclude_hubs_and_bad_iso,B1,historical_logistic_structural,complete,354,72,105,average_precision,0.4158670082728866,0.31355799291205944,0.5415405490317439,exporter
aluminium,entity_exclusion,exclude_hubs_and_bad_iso,B2,processed_importer_demand,complete,9885,172,71,macro_recall_at_3,0.12983176838810642,0.06949383802816901,0.19872261345852896,exporter_stage_entry
aluminium,entity_exclusion,exclude_hubs_and_bad_iso,B2,gravity,complete,9885,172,71,macro_recall_at_3,0.27400886802295255,0.18117533907146585,0.3677464788732394,exporter_stage_entry
aluminium,entity_exclusion,exclude_hubs_and_bad_iso,B2,historical_logistic_demand_gravity,complete,9885,172,71,macro_recall_at_3,0.2613262910798122,0.17974765258215963,0.36424882629107985,exporter_stage_entry
aluminium,threshold_outcome_only,threshold_50_kusd,A,size,complete,81212,5135,124,average_precision,0.19893010369549927,0.1707221024172287,0.22753481027336792,exporter
aluminium,threshold_outcome_only,threshold_50_kusd,A,gravity,complete,81212,5135,124,average_precision,0.22285932037354808,0.1947394676823675,0.25206423076177675,exporter
aluminium,threshold_outcome_only,threshold_50_kusd,A,historical_logistic_size_gravity,complete,81212,5135,124,average_precision,0.23626949838261918,0.20947167198579209,0.26483537875825647,exporter
aluminium,threshold_outcome_only,threshold_50_kusd,B1,upstream_capacity,complete,358,105,107,average_precision,0.3756450658784619,0.28884506526020237,0.47730440093302734,exporter
aluminium,threshold_outcome_only,threshold_50_kusd,B1,historical_logistic_structural,complete,358,105,107,average_precision,0.5561651163765384,0.4626835866668556,0.6593751783047492,exporter
aluminium,threshold_outcome_only,threshold_50_kusd,B2,processed_importer_demand,complete,15549,259,105,macro_recall_at_3,0.12255055733316603,0.08305275320492712,0.18307920823138213,exporter_stage_entry
aluminium,threshold_outcome_only,threshold_50_kusd,B2,gravity,complete,15549,259,105,macro_recall_at_3,0.25144383796557707,0.17947760733630302,0.31356670744714227,exporter_stage_entry
aluminium,threshold_outcome_only,threshold_50_kusd,B2,historical_logistic_demand_gravity,complete,15549,259,105,macro_recall_at_3,0.23230524708785577,0.16273274672187715,0.31358949745906267,exporter_stage_entry
aluminium,threshold_outcome_only,threshold_100_kusd,A,size,complete,81212,3487,124,average_precision,0.15726923872268303,0.13745527012968095,0.17807520357436707,exporter
aluminium,threshold_outcome_only,threshold_100_kusd,A,gravity,complete,81212,3487,124,average_precision,0.16699738907198358,0.14120621225111685,0.19549292675828694,exporter
aluminium,threshold_outcome_only,threshold_100_kusd,A,historical_logistic_size_gravity,complete,81212,3487,124,average_precision,0.18239968134407625,0.1574263540226255,0.20872417063039148,exporter
aluminium,threshold_outcome_only,threshold_100_kusd,B1,upstream_capacity,complete,358,72,107,average_precision,0.26107238138897615,0.18865703865230019,0.37847393559162074,exporter
aluminium,threshold_outcome_only,threshold_100_kusd,B1,historical_logistic_structural,complete,358,72,107,average_precision,0.4147307430294906,0.32358202024364086,0.5364825892960271,exporter
aluminium,threshold_outcome_only,threshold_100_kusd,B2,processed_importer_demand,complete,10561,181,72,macro_recall_at_3,0.12589665815240528,0.06582175925925926,0.19570681673052365,exporter_stage_entry
aluminium,threshold_outcome_only,threshold_100_kusd,B2,gravity,complete,10561,181,72,macro_recall_at_3,0.2685504469987229,0.17998177415921668,0.3584126889101746,exporter_stage_entry
aluminium,threshold_outcome_only,threshold_100_kusd,B2,historical_logistic_demand_gravity,complete,10561,181,72,macro_recall_at_3,0.2559120902511707,0.1649853661132397,0.3473364995742869,exporter_stage_entry
aluminium,threshold_outcome_only,threshold_250_kusd,A,size,complete,81212,1955,124,average_precision,0.11378822196713777,0.09551318136123549,0.13863340286200143,exporter
aluminium,threshold_outcome_only,threshold_250_kusd,A,gravity,complete,81212,1955,124,average_precision,0.11348162336358118,0.08535381219878446,0.14205696012598756,exporter
aluminium,threshold_outcome_only,threshold_250_kusd,A,historical_logistic_size_gravity,complete,81212,1955,124,average_precision,0.12890559649147204,0.10451878876221697,0.16212617195114645,exporter
aluminium,threshold_outcome_only,threshold_250_kusd,B1,upstream_capacity,complete,358,42,107,average_precision,0.17785935401596326,0.088806146325593,0.307545101861727,exporter
aluminium,threshold_outcome_only,threshold_250_kusd,B1,historical_logistic_structural,complete,358,42,107,average_precision,0.19969276724018586,0.1206979027001341,0.34916038919585857,exporter
aluminium,threshold_outcome_only,threshold_250_kusd,B2,processed_importer_demand,complete,6144,121,42,macro_recall_at_3,0.15722365869424693,0.06602294764059471,0.251897153092006,exporter_stage_entry
aluminium,threshold_outcome_only,threshold_250_kusd,B2,gravity,complete,6144,121,42,macro_recall_at_3,0.2783200459671048,0.1474668713639302,0.4263582291891115,exporter_stage_entry
aluminium,threshold_outcome_only,threshold_250_kusd,B2,historical_logistic_demand_gravity,complete,6144,121,42,macro_recall_at_3,0.28063635710694534,0.1649451447245565,0.41329858866623576,exporter_stage_entry
aluminium,persistence,active_at_least_3_of_5_years_above_100_kusd,A,size,complete,81212,2207,124,average_precision,0.09206617704768172,0.07951630250166115,0.10930903724089976,exporter
aluminium,persistence,active_at_least_3_of_5_years_above_100_kusd,A,gravity,complete,81212,2207,124,average_precision,0.10944547677171959,0.09242828506223397,0.12913905128199532,exporter
aluminium,persistence,active_at_least_3_of_5_years_above_100_kusd,A,historical_logistic_size_gravity,complete,81212,2207,124,average_precision,0.11622582887508165,0.10151684323175811,0.13660276037832175,exporter
aluminium,persistence,active_at_least_3_of_5_years_above_100_kusd,B1,upstream_capacity,complete,358,46,107,average_precision,0.1681158704836795,0.11782484601714166,0.27977843627546917,exporter
aluminium,persistence,active_at_least_3_of_5_years_above_100_kusd,B1,historical_logistic_structural,complete,358,46,107,average_precision,0.24170213232800575,0.15344217990981984,0.3715081294344477,exporter
aluminium,persistence,active_at_least_3_of_5_years_above_100_kusd,B2,processed_importer_demand,complete,6692,114,46,macro_recall_at_3,0.16581871879186458,0.08468194342954574,0.266614640421386,exporter_stage_entry
aluminium,persistence,active_at_least_3_of_5_years_above_100_kusd,B2,gravity,complete,6692,114,46,macro_recall_at_3,0.2707252466203873,0.16820979478748022,0.40229737547192795,exporter_stage_entry
aluminium,persistence,active_at_least_3_of_5_years_above_100_kusd,B2,historical_logistic_demand_gravity,complete,6692,114,46,macro_recall_at_3,0.26222141030325175,0.16823217330410425,0.3793032974059189,exporter_stage_entry
nickel,identity,exporter_seen,A,size,complete,21017,1483,52,average_precision,0.19756894856652854,0.1733769744503334,0.2293694255544174,exporter
nickel,identity,exporter_seen,A,gravity,complete,21017,1483,52,average_precision,0.17366422003897108,0.15349131170468924,0.19669393616419856,exporter
nickel,identity,exporter_seen,A,historical_logistic_size_gravity,complete,21017,1483,52,average_precision,0.20528992650233127,0.17964617893221652,0.23373842093952754,exporter
nickel,identity,exporter_seen,B1,upstream_capacity,complete,164,29,38,average_precision,0.16985482560808446,0.0978005331964482,0.27587694637881943,exporter
nickel,identity,exporter_seen,B1,historical_logistic_structural,complete,164,29,38,average_precision,0.29735929862407695,0.1933782323771287,0.484656107392889,exporter
nickel,identity,exporter_seen,B2,processed_importer_demand,complete,2113,52,29,macro_recall_at_3,0.21666666666666667,0.09288793103448276,0.363448275862069,exporter_stage_entry
nickel,identity,exporter_seen,B2,gravity,complete,2113,52,29,macro_recall_at_3,0.41781609195402303,0.2682471264367816,0.5989511494252874,exporter_stage_entry
nickel,identity,exporter_seen,B2,historical_logistic_demand_gravity,complete,2113,52,29,macro_recall_at_3,0.29137931034482756,0.15508620689655173,0.4541954022988507,exporter_stage_entry
nickel,identity,exporter_unseen,A,size,complete,3628,81,21,average_precision,0.0855809580041234,0.014578212105149733,0.2623306778521112,exporter
nickel,identity,exporter_unseen,A,gravity,complete,3628,81,21,average_precision,0.06343585966391632,0.01491960919542681,0.11950011160457749,exporter
nickel,identity,exporter_unseen,A,historical_logistic_size_gravity,complete,3628,81,21,average_precision,0.07791309925720798,0.01857359896775812,0.1467490950903934,exporter
nickel,identity,exporter_unseen,B1,upstream_capacity,complete,179,37,36,average_precision,0.32305876646718135,0.2021794924312766,0.5225024307183035,exporter
nickel,identity,exporter_unseen,B1,historical_logistic_structural,complete,179,37,36,average_precision,0.44281340356798155,0.2719198613471887,0.6214307898150043,exporter
nickel,identity,exporter_unseen,B2,processed_importer_demand,complete,2580,87,37,macro_recall_at_3,0.18866943866943867,0.11019144144144141,0.275493762993763,exporter_stage_entry
nickel,identity,exporter_unseen,B2,gravity,complete,2580,87,37,macro_recall_at_3,0.2676715176715176,0.15950710325710327,0.37569516632016636,exporter_stage_entry
nickel,identity,exporter_unseen,B2,historical_logistic_demand_gravity,complete,2580,87,37,macro_recall_at_3,0.21474358974358973,0.10322895010395011,0.33453525641025644,exporter_stage_entry
nickel,identity,importer_seen,A,size,complete,21766,1529,73,average_precision,0.1938547459789871,0.17052159114792298,0.22028859341606236,exporter
nickel,identity,importer_seen,A,gravity,complete,21766,1529,73,average_precision,0.16481246096438884,0.13926345722098202,0.18855130385407376,exporter
nickel,identity,importer_seen,A,historical_logistic_size_gravity,complete,21766,1529,73,average_precision,0.19775035747300107,0.17282405428658587,0.2311354650831307,exporter
nickel,identity,importer_seen,B2,processed_importer_demand,complete,4227,138,66,macro_recall_at_3,0.2022338772338772,0.13114801864801864,0.2857796717171718,exporter_stage_entry
nickel,identity,importer_seen,B2,gravity,complete,4227,138,66,macro_recall_at_3,0.3349067599067599,0.23684634809634808,0.4211963383838384,exporter_stage_entry
nickel,identity,importer_seen,B2,historical_logistic_demand_gravity,complete,4227,138,66,macro_recall_at_3,0.24967948717948715,0.16020493395493393,0.3192217851592851,exporter_stage_entry
nickel,identity,importer_unseen,A,size,complete,2879,35,72,average_precision,0.12291264424920605,0.034958265541246265,0.24244030328545216,exporter
nickel,identity,importer_unseen,A,gravity,complete,2879,35,72,average_precision,0.0634843491609603,0.02613082147314094,0.1207782245713067,exporter
nickel,identity,importer_unseen,A,historical_logistic_size_gravity,complete,2879,35,72,average_precision,0.10406056290075999,0.0411941961505288,0.20088080352680174,exporter
nickel,identity,importer_unseen,B2,processed_importer_demand,complete,22,1,1,macro_recall_at_3,0.0,0.0,0.0,exporter_stage_entry
nickel,identity,importer_unseen,B2,gravity,complete,22,1,1,macro_recall_at_3,0.0,0.0,0.0,exporter_stage_entry
nickel,identity,importer_unseen,B2,historical_logistic_demand_gravity,complete,22,1,1,macro_recall_at_3,0.0,0.0,0.0,exporter_stage_entry
nickel,entity_exclusion,exclude_hubs,A,size,complete,20074,1145,67,average_precision,0.18641790084459137,0.15972333394805935,0.21267493451324768,exporter
nickel,entity_exclusion,exclude_hubs,A,gravity,complete,20074,1145,67,average_precision,0.15904002484115703,0.132272654060472,0.1820329375794611,exporter
nickel,entity_exclusion,exclude_hubs,A,historical_logistic_size_gravity,complete,20074,1145,67,average_precision,0.19146521477304512,0.1630850661919742,0.21680226569565855,exporter
nickel,entity_exclusion,exclude_hubs,B1,upstream_capacity,complete,341,65,72,average_precision,0.20982365340099968,0.1361231405947571,0.3108498895479208,exporter
nickel,entity_exclusion,exclude_hubs,B1,historical_logistic_structural,complete,341,65,72,average_precision,0.35672494515743514,0.2597494564468617,0.5165762018471473,exporter
nickel,entity_exclusion,exclude_hubs,B2,processed_importer_demand,complete,3866,121,60,macro_recall_at_3,0.21200396825396825,0.1267564484126984,0.29889186507936505,exporter_stage_entry
nickel,entity_exclusion,exclude_hubs,B2,gravity,complete,3866,121,60,macro_recall_at_3,0.37144841269841267,0.253906746031746,0.4752852182539683,exporter_stage_entry
nickel,entity_exclusion,exclude_hubs,B2,historical_logistic_demand_gravity,complete,3866,121,60,macro_recall_at_3,0.2804761904761905,0.19269444444444445,0.39278968253968255,exporter_stage_entry
nickel,entity_exclusion,exclude_bad_iso,A,size,complete,24645,1564,73,average_precision,0.1899437822377702,0.16651455420824132,0.21655371068454116,exporter
nickel,entity_exclusion,exclude_bad_iso,A,gravity,complete,24645,1564,73,average_precision,0.1626255489962181,0.13878227192226572,0.1879201704225782,exporter
nickel,entity_exclusion,exclude_bad_iso,A,historical_logistic_size_gravity,complete,24645,1564,73,average_precision,0.19492986288896427,0.17021602228764113,0.22233379637329162,exporter
nickel,entity_exclusion,exclude_bad_iso,B1,upstream_capacity,complete,343,66,74,average_precision,0.21158337731218707,0.1468253907058464,0.31722288120993924,exporter
nickel,entity_exclusion,exclude_bad_iso,B1,historical_logistic_structural,complete,343,66,74,average_precision,0.3520657758992263,0.24960383975797165,0.4779731341527966,exporter
nickel,entity_exclusion,exclude_bad_iso,B2,processed_importer_demand,complete,4693,139,66,macro_recall_at_3,0.20097125097125096,0.1258364898989899,0.29077967171717173,exporter_stage_entry
nickel,entity_exclusion,exclude_bad_iso,B2,gravity,complete,4693,139,66,macro_recall_at_3,0.3336441336441337,0.22967001748251747,0.4354970376845377,exporter_stage_entry
nickel,entity_exclusion,exclude_bad_iso,B2,historical_logistic_demand_gravity,complete,4693,139,66,macro_recall_at_3,0.2484168609168609,0.15048926767676768,0.32304438616938613,exporter_stage_entry
nickel,entity_exclusion,exclude_hubs_and_bad_iso,A,size,complete,20074,1145,67,average_precision,0.18641790084459137,0.15809423472596004,0.21420889111776423,exporter
nickel,entity_exclusion,exclude_hubs_and_bad_iso,A,gravity,complete,20074,1145,67,average_precision,0.15904002484115703,0.1305874801917675,0.1877841130529,exporter
nickel,entity_exclusion,exclude_hubs_and_bad_iso,A,historical_logistic_size_gravity,complete,20074,1145,67,average_precision,0.19146521477304512,0.16757676697038282,0.22396430515840565,exporter
nickel,entity_exclusion,exclude_hubs_and_bad_iso,B1,upstream_capacity,complete,341,65,72,average_precision,0.20982365340099968,0.14888524508516976,0.29825973131002653,exporter
nickel,entity_exclusion,exclude_hubs_and_bad_iso,B1,historical_logistic_structural,complete,341,65,72,average_precision,0.35672494515743514,0.27173678384247085,0.4931286722626818,exporter
nickel,entity_exclusion,exclude_hubs_and_bad_iso,B2,processed_importer_demand,complete,3866,121,60,macro_recall_at_3,0.21200396825396825,0.13572817460317463,0.28872519841269845,exporter_stage_entry
nickel,entity_exclusion,exclude_hubs_and_bad_iso,B2,gravity,complete,3866,121,60,macro_recall_at_3,0.37144841269841267,0.26439533730158726,0.4789196428571429,exporter_stage_entry
nickel,entity_exclusion,exclude_hubs_and_bad_iso,B2,historical_logistic_demand_gravity,complete,3866,121,60,macro_recall_at_3,0.2804761904761905,0.19080257936507936,0.3786676587301587,exporter_stage_entry
nickel,threshold_outcome_only,threshold_50_kusd,A,size,complete,24645,2319,73,average_precision,0.23150444720961072,0.20816966493718864,0.2586305988450756,exporter
nickel,threshold_outcome_only,threshold_50_kusd,A,gravity,complete,24645,2319,73,average_precision,0.21119409979447498,0.18498171615960127,0.2382152377767169,exporter
nickel,threshold_outcome_only,threshold_50_kusd,A,historical_logistic_size_gravity,complete,24645,2319,73,average_precision,0.24161158805646854,0.2104276591181324,0.2722185021274577,exporter
nickel,threshold_outcome_only,threshold_50_kusd,B1,upstream_capacity,complete,343,85,74,average_precision,0.2766146572744537,0.20552457118995374,0.37412845803625394,exporter
nickel,threshold_outcome_only,threshold_50_kusd,B1,historical_logistic_structural,complete,343,85,74,average_precision,0.4327304350794093,0.2971278911137498,0.5896688970006709,exporter
nickel,threshold_outcome_only,threshold_50_kusd,B2,processed_importer_demand,complete,6140,199,85,macro_recall_at_3,0.19857861093155216,0.12133257918552036,0.27200816993464055,exporter_stage_entry
nickel,threshold_outcome_only,threshold_50_kusd,B2,gravity,complete,6140,199,85,macro_recall_at_3,0.33819650937297996,0.26740212238741645,0.4200790957408605,exporter_stage_entry
nickel,threshold_outcome_only,threshold_50_kusd,B2,historical_logistic_demand_gravity,complete,6140,199,85,macro_recall_at_3,0.2414644832291891,0.15090729368670544,0.31804318394024284,exporter_stage_entry
nickel,threshold_outcome_only,threshold_100_kusd,A,size,complete,24645,1564,73,average_precision,0.1899437822377702,0.16647231944868704,0.21902055160259823,exporter
nickel,threshold_outcome_only,threshold_100_kusd,A,gravity,complete,24645,1564,73,average_precision,0.1626255489962181,0.13175875029427103,0.1866060770414393,exporter
nickel,threshold_outcome_only,threshold_100_kusd,A,historical_logistic_size_gravity,complete,24645,1564,73,average_precision,0.19492986288896427,0.16716026774107312,0.22995459298879767,exporter
nickel,threshold_outcome_only,threshold_100_kusd,B1,upstream_capacity,complete,343,66,74,average_precision,0.21158337731218707,0.15625154984470663,0.3009211509050421,exporter
nickel,threshold_outcome_only,threshold_100_kusd,B1,historical_logistic_structural,complete,343,66,74,average_precision,0.3520657758992263,0.24945265386009097,0.48783732724824463,exporter
nickel,threshold_outcome_only,threshold_100_kusd,B2,processed_importer_demand,complete,4693,139,66,macro_recall_at_3,0.20097125097125096,0.12919823232323233,0.28463068181818185,exporter_stage_entry
nickel,threshold_outcome_only,threshold_100_kusd,B2,gravity,complete,4693,139,66,macro_recall_at_3,0.3336441336441337,0.24416011072261073,0.425850573038073,exporter_stage_entry
nickel,threshold_outcome_only,threshold_100_kusd,B2,historical_logistic_demand_gravity,complete,4693,139,66,macro_recall_at_3,0.2484168609168609,0.1541902195027195,0.35212898212898214,exporter_stage_entry
nickel,threshold_outcome_only,threshold_250_kusd,A,size,complete,24645,867,73,average_precision,0.14292305329934912,0.11867058451014444,0.16931454487093864,exporter
nickel,threshold_outcome_only,threshold_250_kusd,A,gravity,complete,24645,867,73,average_precision,0.10747683822625381,0.0883177026542261,0.132509935150317,exporter
nickel,threshold_outcome_only,threshold_250_kusd,A,historical_logistic_size_gravity,complete,24645,867,73,average_precision,0.13724834296548347,0.11565027208940405,0.16428041308013408,exporter
nickel,threshold_outcome_only,threshold_250_kusd,B1,upstream_capacity,complete,343,46,74,average_precision,0.17690022378912174,0.10888825490082711,0.2669387151933428,exporter
nickel,threshold_outcome_only,threshold_250_kusd,B1,historical_logistic_structural,complete,343,46,74,average_precision,0.2056594536085515,0.14903063703732528,0.33121316260050865,exporter
nickel,threshold_outcome_only,threshold_250_kusd,B2,processed_importer_demand,complete,3148,83,46,macro_recall_at_3,0.19384057971014493,0.10860507246376812,0.2826086956521739,exporter_stage_entry
nickel,threshold_outcome_only,threshold_250_kusd,B2,gravity,complete,3148,83,46,macro_recall_at_3,0.3659420289855072,0.26068840579710145,0.48559782608695656,exporter_stage_entry
nickel,threshold_outcome_only,threshold_250_kusd,B2,historical_logistic_demand_gravity,complete,3148,83,46,macro_recall_at_3,0.2971014492753623,0.1809782608695652,0.41304347826086957,exporter_stage_entry
nickel,persistence,active_at_least_3_of_5_years_above_100_kusd,A,size,complete,24645,933,73,average_precision,0.10945806323371782,0.09300370025664097,0.12991813458673326,exporter
nickel,persistence,active_at_least_3_of_5_years_above_100_kusd,A,gravity,complete,24645,933,73,average_precision,0.09953280339648393,0.07733264995500878,0.12029325327449392,exporter
nickel,persistence,active_at_least_3_of_5_years_above_100_kusd,A,historical_logistic_size_gravity,complete,24645,933,73,average_precision,0.11618788447975778,0.09385630814526717,0.14464844145074893,exporter
nickel,persistence,active_at_least_3_of_5_years_above_100_kusd,B1,upstream_capacity,complete,343,38,74,average_precision,0.10866454264089079,0.06546511064221866,0.18419109008114778,exporter
nickel,persistence,active_at_least_3_of_5_years_above_100_kusd,B1,historical_logistic_structural,complete,343,38,74,average_precision,0.24907812383630223,0.14766748314485192,0.40586050462220347,exporter
nickel,persistence,active_at_least_3_of_5_years_above_100_kusd,B2,processed_importer_demand,complete,2941,68,38,macro_recall_at_3,0.22456140350877193,0.11489035087719297,0.32471491228070176,exporter_stage_entry
nickel,persistence,active_at_least_3_of_5_years_above_100_kusd,B2,gravity,complete,2941,68,38,macro_recall_at_3,0.37456140350877193,0.23677631578947367,0.49149122807017553,exporter_stage_entry
nickel,persistence,active_at_least_3_of_5_years_above_100_kusd,B2,historical_logistic_demand_gravity,complete,2941,68,38,macro_recall_at_3,0.31228070175438594,0.19728070175438597,0.41666666666666663,exporter_stage_entry
cocoa,identity,exporter_seen,A,size,complete,40084,2166,59,average_precision,0.19234027662693687,0.1598854088867862,0.2265592128759717,exporter
cocoa,identity,exporter_seen,A,gravity,complete,40084,2166,59,average_precision,0.17575402623287004,0.1479186260739114,0.20697450572865456,exporter
cocoa,identity,exporter_seen,A,historical_logistic_size_gravity,complete,40084,2166,59,average_precision,0.2072307306184818,0.1743701182939736,0.24251227855729132,exporter
cocoa,identity,exporter_seen,B1,upstream_capacity,complete,185,28,44,average_precision,0.31252032763895166,0.13990456421958505,0.5295712011199093,exporter
cocoa,identity,exporter_seen,B1,historical_logistic_structural,complete,185,28,44,average_precision,0.6759764378067672,0.46615981091145403,0.8148833502047058,exporter
cocoa,identity,exporter_seen,B2,processed_importer_demand,complete,3859,51,28,macro_recall_at_3,0.24821428571428572,0.12125,0.41794642857142855,exporter_stage_entry
cocoa,identity,exporter_seen,B2,gravity,complete,3859,51,28,macro_recall_at_3,0.3416666666666667,0.2015625,0.513169642857143,exporter_stage_entry
cocoa,identity,exporter_seen,B2,historical_logistic_demand_gravity,complete,3859,51,28,macro_recall_at_3,0.3595238095238095,0.21245535714285713,0.5301488095238096,exporter_stage_entry
cocoa,identity,exporter_unseen,A,size,complete,13942,386,29,average_precision,0.17506308930727216,0.10278229425030751,0.22811899958302886,exporter
cocoa,identity,exporter_unseen,A,gravity,complete,13942,386,29,average_precision,0.18216272899578898,0.09706049330387631,0.2719804363695078,exporter
cocoa,identity,exporter_unseen,A,historical_logistic_size_gravity,complete,13942,386,29,average_precision,0.20906493812738283,0.11353173839475798,0.32045885993991213,exporter
cocoa,identity,exporter_unseen,B1,upstream_capacity,complete,92,14,30,average_precision,0.2982534874985212,0.11623303938232898,0.5855071515275844,exporter
cocoa,identity,exporter_unseen,B1,historical_logistic_structural,complete,92,14,30,average_precision,0.387324537794982,0.1681246983139999,0.5833929509204394,exporter
cocoa,identity,exporter_unseen,B2,processed_importer_demand,complete,1996,21,14,macro_recall_at_3,0.10714285714285714,0.0,0.25089285714285736,exporter_stage_entry
cocoa,identity,exporter_unseen,B2,gravity,complete,1996,21,14,macro_recall_at_3,0.29761904761904756,0.07142857142857142,0.5122023809523811,exporter_stage_entry
cocoa,identity,exporter_unseen,B2,historical_logistic_demand_gravity,complete,1996,21,14,macro_recall_at_3,0.3333333333333333,0.10714285714285714,0.5839285714285716,exporter_stage_entry
cocoa,identity,importer_seen,A,size,complete,48633,2465,88,average_precision,0.1907786038879154,0.1579685977645659,0.22789837278501657,exporter
cocoa,identity,importer_seen,A,gravity,complete,48633,2465,88,average_precision,0.17727942491173346,0.15057803516895568,0.20220038308483956,exporter
cocoa,identity,importer_seen,A,historical_logistic_size_gravity,complete,48633,2465,88,average_precision,0.20828066771853782,0.17573098485088307,0.23923762375549543,exporter
cocoa,identity,importer_seen,B2,processed_importer_demand,complete,5292,71,42,macro_recall_at_3,0.20119047619047617,0.10583333333333333,0.33812499999999995,exporter_stage_entry
cocoa,identity,importer_seen,B2,gravity,complete,5292,71,42,macro_recall_at_3,0.35079365079365077,0.24354166666666668,0.4751289682539684,exporter_stage_entry
cocoa,identity,importer_seen,B2,historical_logistic_demand_gravity,complete,5292,71,42,macro_recall_at_3,0.3626984126984127,0.23200396825396827,0.4897519841269841,exporter_stage_entry
cocoa,identity,importer_unseen,A,size,complete,5393,87,88,average_precision,0.16087110911844832,0.07519829927412172,0.26241692404095407,exporter
cocoa,identity,importer_unseen,A,gravity,complete,5393,87,88,average_precision,0.15291101314756356,0.09915606520840373,0.2522074630386083,exporter
cocoa,identity,importer_unseen,A,historical_logistic_size_gravity,complete,5393,87,88,average_precision,0.18050708103935242,0.09938148727445102,0.3092008877111492,exporter
cocoa,identity,importer_unseen,B2,processed_importer_demand,complete,28,1,1,macro_recall_at_3,0.0,0.0,0.0,exporter_stage_entry
cocoa,identity,importer_unseen,B2,gravity,complete,28,1,1,macro_recall_at_3,1.0,1.0,1.0,exporter_stage_entry
cocoa,identity,importer_unseen,B2,historical_logistic_demand_gravity,complete,28,1,1,macro_recall_at_3,1.0,1.0,1.0,exporter_stage_entry
cocoa,entity_exclusion,exclude_hubs,A,size,complete,47244,1966,81,average_precision,0.1747870188815183,0.13656298716690696,0.20966441540254435,exporter
cocoa,entity_exclusion,exclude_hubs,A,gravity,complete,47244,1966,81,average_precision,0.167401061787717,0.13378289506634486,0.19571497893743892,exporter
cocoa,entity_exclusion,exclude_hubs,A,historical_logistic_size_gravity,complete,47244,1966,81,average_precision,0.19374942219346802,0.1559642034885016,0.22089025970497797,exporter
cocoa,entity_exclusion,exclude_hubs,B1,upstream_capacity,complete,273,41,73,average_precision,0.294729492488291,0.1541439628529302,0.44210228421389136,exporter
cocoa,entity_exclusion,exclude_hubs,B1,historical_logistic_structural,complete,273,41,73,average_precision,0.5396803105922541,0.3979669861915033,0.6672887763667321,exporter
cocoa,entity_exclusion,exclude_hubs,B2,processed_importer_demand,complete,5024,60,37,macro_recall_at_3,0.2216216216216216,0.10527027027027026,0.3761486486486488,exporter_stage_entry
cocoa,entity_exclusion,exclude_hubs,B2,gravity,complete,5024,60,37,macro_recall_at_3,0.35765765765765767,0.24031531531531533,0.4982657657657658,exporter_stage_entry
cocoa,entity_exclusion,exclude_hubs,B2,historical_logistic_demand_gravity,complete,5024,60,37,macro_recall_at_3,0.3846846846846847,0.26184684684684684,0.514864864864865,exporter_stage_entry
cocoa,entity_exclusion,exclude_bad_iso,A,size,complete,54026,2552,88,average_precision,0.1888506633846059,0.1584320607206694,0.22183056728039227,exporter
cocoa,entity_exclusion,exclude_bad_iso,A,gravity,complete,54026,2552,88,average_precision,0.17540441534520965,0.15038644436700654,0.19960579978872672,exporter
cocoa,entity_exclusion,exclude_bad_iso,A,historical_logistic_size_gravity,complete,54026,2552,88,average_precision,0.20618042697546898,0.1750659709163687,0.23828901743634923,exporter
cocoa,entity_exclusion,exclude_bad_iso,B1,upstream_capacity,complete,277,42,74,average_precision,0.292558606144657,0.1708628044176572,0.4236953202359237,exporter
cocoa,entity_exclusion,exclude_bad_iso,B1,historical_logistic_structural,complete,277,42,74,average_precision,0.5341015206173969,0.3844965553089484,0.7128831598013902,exporter
cocoa,entity_exclusion,exclude_bad_iso,B2,processed_importer_demand,complete,5855,72,42,macro_recall_at_3,0.20119047619047617,0.08925595238095238,0.3369642857142857,exporter_stage_entry
cocoa,entity_exclusion,exclude_bad_iso,B2,gravity,complete,5855,72,42,macro_recall_at_3,0.326984126984127,0.22678571428571428,0.4620138888888889,exporter_stage_entry
cocoa,entity_exclusion,exclude_bad_iso,B2,historical_logistic_demand_gravity,complete,5855,72,42,macro_recall_at_3,0.35079365079365077,0.21897817460317456,0.49743055555555565,exporter_stage_entry
cocoa,entity_exclusion,exclude_hubs_and_bad_iso,A,size,complete,47244,1966,81,average_precision,0.1747870188815183,0.13903508591646344,0.2079202199137399,exporter
cocoa,entity_exclusion,exclude_hubs_and_bad_iso,A,gravity,complete,47244,1966,81,average_precision,0.167401061787717,0.1384528297995037,0.1963303000206669,exporter
cocoa,entity_exclusion,exclude_hubs_and_bad_iso,A,historical_logistic_size_gravity,complete,47244,1966,81,average_precision,0.19374942219346802,0.1613947575316347,0.22481076821343335,exporter
cocoa,entity_exclusion,exclude_hubs_and_bad_iso,B1,upstream_capacity,complete,273,41,73,average_precision,0.294729492488291,0.15445048355041707,0.4437033263816822,exporter
cocoa,entity_exclusion,exclude_hubs_and_bad_iso,B1,historical_logistic_structural,complete,273,41,73,average_precision,0.5396803105922541,0.3657365842141673,0.6778451646071169,exporter
cocoa,entity_exclusion,exclude_hubs_and_bad_iso,B2,processed_importer_demand,complete,5024,60,37,macro_recall_at_3,0.2216216216216216,0.12162162162162163,0.3353378378378379,exporter_stage_entry
cocoa,entity_exclusion,exclude_hubs_and_bad_iso,B2,gravity,complete,5024,60,37,macro_recall_at_3,0.35765765765765767,0.2216216216216216,0.4875675675675676,exporter_stage_entry
cocoa,entity_exclusion,exclude_hubs_and_bad_iso,B2,historical_logistic_demand_gravity,complete,5024,60,37,macro_recall_at_3,0.3846846846846847,0.2494144144144144,0.5117567567567568,exporter_stage_entry
cocoa,threshold_outcome_only,threshold_50_kusd,A,size,complete,54026,3951,88,average_precision,0.25732905117215954,0.21730897666363722,0.30084246705500517,exporter
cocoa,threshold_outcome_only,threshold_50_kusd,A,gravity,complete,54026,3951,88,average_precision,0.24041588998210936,0.20987946504625876,0.2751160167530624,exporter
cocoa,threshold_outcome_only,threshold_50_kusd,A,historical_logistic_size_gravity,complete,54026,3951,88,average_precision,0.278412787686845,0.23999729073734818,0.31686418966976637,exporter
cocoa,threshold_outcome_only,threshold_50_kusd,B1,upstream_capacity,complete,277,67,74,average_precision,0.35490833640103864,0.25064619284056366,0.46020376392825985,exporter
cocoa,threshold_outcome_only,threshold_50_kusd,B1,historical_logistic_structural,complete,277,67,74,average_precision,0.5968864044725204,0.48905003827344024,0.7092921000134595,exporter
cocoa,threshold_outcome_only,threshold_50_kusd,B2,processed_importer_demand,complete,8997,136,67,macro_recall_at_3,0.15771144278606966,0.08623756218905472,0.23358208955223878,exporter_stage_entry
cocoa,threshold_outcome_only,threshold_50_kusd,B2,gravity,complete,8997,136,67,macro_recall_at_3,0.24527363184079604,0.1638992537313433,0.3349502487562189,exporter_stage_entry
cocoa,threshold_outcome_only,threshold_50_kusd,B2,historical_logistic_demand_gravity,complete,8997,136,67,macro_recall_at_3,0.2490049751243781,0.17211442786069653,0.336884328358209,exporter_stage_entry
cocoa,threshold_outcome_only,threshold_100_kusd,A,size,complete,54026,2552,88,average_precision,0.1888506633846059,0.15546211746101044,0.22549482769775797,exporter
cocoa,threshold_outcome_only,threshold_100_kusd,A,gravity,complete,54026,2552,88,average_precision,0.17540441534520965,0.14782736652696182,0.20218200590421223,exporter
cocoa,threshold_outcome_only,threshold_100_kusd,A,historical_logistic_size_gravity,complete,54026,2552,88,average_precision,0.20618042697546898,0.1758792073129508,0.23655612731131725,exporter
cocoa,threshold_outcome_only,threshold_100_kusd,B1,upstream_capacity,complete,277,42,74,average_precision,0.292558606144657,0.15779438925094788,0.43358761594012873,exporter
cocoa,threshold_outcome_only,threshold_100_kusd,B1,historical_logistic_structural,complete,277,42,74,average_precision,0.5341015206173969,0.3513213528278392,0.6839011021854932,exporter
cocoa,threshold_outcome_only,threshold_100_kusd,B2,processed_importer_demand,complete,5855,72,42,macro_recall_at_3,0.20119047619047617,0.10464285714285715,0.32142857142857145,exporter_stage_entry
cocoa,threshold_outcome_only,threshold_100_kusd,B2,gravity,complete,5855,72,42,macro_recall_at_3,0.326984126984127,0.20947420634920635,0.4524603174603175,exporter_stage_entry
cocoa,threshold_outcome_only,threshold_100_kusd,B2,historical_logistic_demand_gravity,complete,5855,72,42,macro_recall_at_3,0.35079365079365077,0.22298611111111113,0.4870238095238095,exporter_stage_entry
cocoa,threshold_outcome_only,threshold_250_kusd,A,size,complete,54026,1227,88,average_precision,0.10981401186274792,0.08752407697692904,0.14096132260999517,exporter
cocoa,threshold_outcome_only,threshold_250_kusd,A,gravity,complete,54026,1227,88,average_precision,0.10468017754994999,0.08582965421031226,0.1284327210405609,exporter
cocoa,threshold_outcome_only,threshold_250_kusd,A,historical_logistic_size_gravity,complete,54026,1227,88,average_precision,0.12455480997182676,0.10181118977101532,0.14827210693552756,exporter
cocoa,threshold_outcome_only,threshold_250_kusd,B1,upstream_capacity,complete,277,23,74,average_precision,0.24663665810422097,0.06366118702065075,0.45124419099141777,exporter
cocoa,threshold_outcome_only,threshold_250_kusd,B1,historical_logistic_structural,complete,277,23,74,average_precision,0.4175573061596576,0.28620453092591963,0.6667528557195611,exporter
cocoa,threshold_outcome_only,threshold_250_kusd,B2,processed_importer_demand,complete,3347,30,23,macro_recall_at_3,0.10869565217391304,0.0,0.21739130434782608,exporter_stage_entry
cocoa,threshold_outcome_only,threshold_250_kusd,B2,gravity,complete,3347,30,23,macro_recall_at_3,0.30434782608695654,0.1516304347826087,0.5434782608695652,exporter_stage_entry
cocoa,threshold_outcome_only,threshold_250_kusd,B2,historical_logistic_demand_gravity,complete,3347,30,23,macro_recall_at_3,0.30434782608695654,0.17391304347826086,0.5,exporter_stage_entry
cocoa,persistence,active_at_least_3_of_5_years_above_100_kusd,A,size,complete,54026,2004,88,average_precision,0.1541094902728871,0.12633457862756042,0.1872588658070026,exporter
cocoa,persistence,active_at_least_3_of_5_years_above_100_kusd,A,gravity,complete,54026,2004,88,average_precision,0.1418377266726915,0.11987946767048786,0.16803935570840342,exporter
cocoa,persistence,active_at_least_3_of_5_years_above_100_kusd,A,historical_logistic_size_gravity,complete,54026,2004,88,average_precision,0.16800164814871826,0.14194380531076659,0.19558544021596,exporter
cocoa,persistence,active_at_least_3_of_5_years_above_100_kusd,B1,upstream_capacity,complete,277,30,74,average_precision,0.2101877873038814,0.0919052483978833,0.3609092655028311,exporter
cocoa,persistence,active_at_least_3_of_5_years_above_100_kusd,B1,historical_logistic_structural,complete,277,30,74,average_precision,0.46999705710959133,0.32229133685490563,0.6325178221784535,exporter
cocoa,persistence,active_at_least_3_of_5_years_above_100_kusd,B2,processed_importer_demand,complete,4257,44,30,macro_recall_at_3,0.175,0.06625,0.3416666666666667,exporter_stage_entry
cocoa,persistence,active_at_least_3_of_5_years_above_100_kusd,B2,gravity,complete,4257,44,30,macro_recall_at_3,0.29,0.154875,0.45,exporter_stage_entry
cocoa,persistence,active_at_least_3_of_5_years_above_100_kusd,B2,historical_logistic_demand_gravity,complete,4257,44,30,macro_recall_at_3,0.3233333333333333,0.173125,0.49854166666666666,exporter_stage_entry
oilseed-soy,identity,exporter_seen,A,size,complete,26432,926,62,average_precision,0.10593974435403271,0.07578016744884283,0.16134684953215755,exporter
oilseed-soy,identity,exporter_seen,A,gravity,complete,26432,926,62,average_precision,0.08131317597864915,0.05543046853858888,0.11235458435939956,exporter
oilseed-soy,identity,exporter_seen,A,historical_logistic_size_gravity,complete,26432,926,62,average_precision,0.10150680365167952,0.06642819830553987,0.1521009874178001,exporter
oilseed-soy,identity,exporter_seen,B1,upstream_capacity,complete,45,18,26,average_precision,0.4720104234225415,0.2716242085386906,0.7106347857279606,exporter
oilseed-soy,identity,exporter_seen,B1,historical_logistic_structural,complete,45,18,26,average_precision,0.46865801614321684,0.3139571296098545,0.7339596382869868,exporter
oilseed-soy,identity,exporter_seen,B2,processed_importer_demand,complete,2380,36,18,macro_recall_at_3,0.1111111111111111,0.027777777777777776,0.19444444444444445,exporter_stage_entry
oilseed-soy,identity,exporter_seen,B2,gravity,complete,2380,36,18,macro_recall_at_3,0.06481481481481483,0.0,0.13912037037037042,exporter_stage_entry
oilseed-soy,identity,exporter_seen,B2,historical_logistic_demand_gravity,complete,2380,36,18,macro_recall_at_3,0.0925925925925926,0.027777777777777776,0.19444444444444445,exporter_stage_entry
oilseed-soy,identity,exporter_unseen,A,size,complete,8116,108,26,average_precision,0.059068960954043015,0.018635335881098482,0.10670664800098456,exporter
oilseed-soy,identity,exporter_unseen,A,gravity,complete,8116,108,26,average_precision,0.053874076303320154,0.035591105360818366,0.07991978326461867,exporter
oilseed-soy,identity,exporter_unseen,A,historical_logistic_size_gravity,complete,8116,108,26,average_precision,0.07736730600748332,0.03732087281528147,0.13598795346970188,exporter
oilseed-soy,identity,exporter_unseen,B1,upstream_capacity,complete,41,16,25,average_precision,0.7697696680236394,0.5099905036896875,0.9057600646174897,exporter
oilseed-soy,identity,exporter_unseen,B1,historical_logistic_structural,complete,41,16,25,average_precision,0.6807150721632474,0.43587370586245333,0.869681058618061,exporter
oilseed-soy,identity,exporter_unseen,B2,processed_importer_demand,complete,2396,38,16,macro_recall_at_3,0.2647569444444444,0.078125,0.5069661458333333,exporter_stage_entry
oilseed-soy,identity,exporter_unseen,B2,gravity,complete,2396,38,16,macro_recall_at_3,0.17256944444444444,0.03871527777777778,0.3160156250000001,exporter_stage_entry
oilseed-soy,identity,exporter_unseen,B2,historical_logistic_demand_gravity,complete,2396,38,16,macro_recall_at_3,0.21475694444444443,0.04415798611111111,0.3976866319444444,exporter_stage_entry
oilseed-soy,identity,importer_seen,A,size,complete,32825,1018,88,average_precision,0.10008590394884971,0.0687993387757475,0.14384032997002824,exporter
oilseed-soy,identity,importer_seen,A,gravity,complete,32825,1018,88,average_precision,0.07793182430021058,0.05571497003665721,0.11101266254540547,exporter
oilseed-soy,identity,importer_seen,A,historical_logistic_size_gravity,complete,32825,1018,88,average_precision,0.09675164306085811,0.06620935082082174,0.13730465268137262,exporter
oilseed-soy,identity,importer_seen,B2,processed_importer_demand,complete,4552,73,34,macro_recall_at_3,0.18341503267973855,0.07661356209150327,0.30107230392156864,exporter_stage_entry
oilseed-soy,identity,importer_seen,B2,gravity,complete,4552,73,34,macro_recall_at_3,0.11846405228758172,0.040032679738562095,0.2215686274509804,exporter_stage_entry
oilseed-soy,identity,importer_seen,B2,historical_logistic_demand_gravity,complete,4552,73,34,macro_recall_at_3,0.15155228758169934,0.053880718954248355,0.25986519607843134,exporter_stage_entry
oilseed-soy,identity,importer_unseen,A,size,complete,1723,16,88,average_precision,0.08863100621945956,0.03467913313260927,0.24389250017837458,exporter
oilseed-soy,identity,importer_unseen,A,gravity,complete,1723,16,88,average_precision,0.15766693997940895,0.0898511531560896,0.32371626411160453,exporter
oilseed-soy,identity,importer_unseen,A,historical_logistic_size_gravity,complete,1723,16,88,average_precision,0.1679485679299989,0.08616189388894095,0.3594408701157422,exporter
oilseed-soy,identity,importer_unseen,B2,processed_importer_demand,complete,9,1,1,macro_recall_at_3,0.0,0.0,0.0,exporter_stage_entry
oilseed-soy,identity,importer_unseen,B2,gravity,complete,9,1,1,macro_recall_at_3,1.0,1.0,1.0,exporter_stage_entry
oilseed-soy,identity,importer_unseen,B2,historical_logistic_demand_gravity,complete,9,1,1,macro_recall_at_3,0.0,0.0,0.0,exporter_stage_entry
oilseed-soy,entity_exclusion,exclude_hubs,A,size,complete,29820,862,81,average_precision,0.09997034690910483,0.06679769609236258,0.14394337729658332,exporter
oilseed-soy,entity_exclusion,exclude_hubs,A,gravity,complete,29820,862,81,average_precision,0.07583703554625112,0.04718359054013285,0.10580621468843292,exporter
oilseed-soy,entity_exclusion,exclude_hubs,A,historical_logistic_size_gravity,complete,29820,862,81,average_precision,0.09365477941908246,0.06386580778835454,0.1383774411531716,exporter
oilseed-soy,entity_exclusion,exclude_hubs,B1,upstream_capacity,complete,84,32,49,average_precision,0.5176690476243633,0.36902181777343024,0.7410356135617158,exporter
oilseed-soy,entity_exclusion,exclude_hubs,B1,historical_logistic_structural,complete,84,32,49,average_precision,0.5508921700777606,0.39323766177967845,0.7418245864893678,exporter
oilseed-soy,entity_exclusion,exclude_hubs,B2,processed_importer_demand,complete,4320,68,32,macro_recall_at_3,0.20737847222222222,0.08181640625,0.3650282118055556,exporter_stage_entry
oilseed-soy,entity_exclusion,exclude_hubs,B2,gravity,complete,4320,68,32,macro_recall_at_3,0.13940972222222223,0.04372829861111111,0.24800781250000004,exporter_stage_entry
oilseed-soy,entity_exclusion,exclude_hubs,B2,historical_logistic_demand_gravity,complete,4320,68,32,macro_recall_at_3,0.17612847222222222,0.07681640625000001,0.3159982638888889,exporter_stage_entry
oilseed-soy,entity_exclusion,exclude_bad_iso,A,size,complete,34548,1034,88,average_precision,0.09953003705704509,0.07198244734841723,0.1336311116200668,exporter
oilseed-soy,entity_exclusion,exclude_bad_iso,A,gravity,complete,34548,1034,88,average_precision,0.07806204126982537,0.05567519166553537,0.11100825215501324,exporter
oilseed-soy,entity_exclusion,exclude_bad_iso,A,historical_logistic_size_gravity,complete,34548,1034,88,average_precision,0.09669349555529105,0.07108934470368009,0.14045011670899457,exporter
oilseed-soy,entity_exclusion,exclude_bad_iso,B1,upstream_capacity,complete,86,34,51,average_precision,0.5317008054078485,0.3870245689249381,0.7665195197772201,exporter
oilseed-soy,entity_exclusion,exclude_bad_iso,B1,historical_logistic_structural,complete,86,34,51,average_precision,0.5510724859984112,0.4003224681918504,0.7588311856438733,exporter
oilseed-soy,entity_exclusion,exclude_bad_iso,B2,processed_importer_demand,complete,4776,74,34,macro_recall_at_3,0.18341503267973855,0.08038194444444445,0.30107230392156864,exporter_stage_entry
oilseed-soy,entity_exclusion,exclude_bad_iso,B2,gravity,complete,4776,74,34,macro_recall_at_3,0.11552287581699347,0.043100490196078436,0.20678921568627448,exporter_stage_entry
oilseed-soy,entity_exclusion,exclude_bad_iso,B2,historical_logistic_demand_gravity,complete,4776,74,34,macro_recall_at_3,0.15008169934640522,0.05516544117647059,0.2456495098039216,exporter_stage_entry
oilseed-soy,entity_exclusion,exclude_hubs_and_bad_iso,A,size,complete,29820,862,81,average_precision,0.09997034690910483,0.06823447980772793,0.1420858654354993,exporter
oilseed-soy,entity_exclusion,exclude_hubs_and_bad_iso,A,gravity,complete,29820,862,81,average_precision,0.07583703554625112,0.050926842674184264,0.1040864095614261,exporter
oilseed-soy,entity_exclusion,exclude_hubs_and_bad_iso,A,historical_logistic_size_gravity,complete,29820,862,81,average_precision,0.09365477941908246,0.06408966236844386,0.1343620795716204,exporter
oilseed-soy,entity_exclusion,exclude_hubs_and_bad_iso,B1,upstream_capacity,complete,84,32,49,average_precision,0.5176690476243633,0.3500193603888128,0.7414214789948604,exporter
oilseed-soy,entity_exclusion,exclude_hubs_and_bad_iso,B1,historical_logistic_structural,complete,84,32,49,average_precision,0.5508921700777606,0.41536758122008505,0.7358266510937379,exporter
oilseed-soy,entity_exclusion,exclude_hubs_and_bad_iso,B2,processed_importer_demand,complete,4320,68,32,macro_recall_at_3,0.20737847222222222,0.0905078125,0.33905381944444446,exporter_stage_entry
oilseed-soy,entity_exclusion,exclude_hubs_and_bad_iso,B2,gravity,complete,4320,68,32,macro_recall_at_3,0.13940972222222223,0.052239583333333325,0.2548828125,exporter_stage_entry
oilseed-soy,entity_exclusion,exclude_hubs_and_bad_iso,B2,historical_logistic_demand_gravity,complete,4320,68,32,macro_recall_at_3,0.17612847222222222,0.06631727430555556,0.3052213541666667,exporter_stage_entry
oilseed-soy,threshold_outcome_only,threshold_50_kusd,A,size,complete,34548,1318,88,average_precision,0.11398155164850335,0.08272944971407979,0.15098213277304517,exporter
oilseed-soy,threshold_outcome_only,threshold_50_kusd,A,gravity,complete,34548,1318,88,average_precision,0.09701195954297506,0.072603257421691,0.12435649899664633,exporter
oilseed-soy,threshold_outcome_only,threshold_50_kusd,A,historical_logistic_size_gravity,complete,34548,1318,88,average_precision,0.1147128473800307,0.08524079048224718,0.15058993525435863,exporter
oilseed-soy,threshold_outcome_only,threshold_50_kusd,B1,upstream_capacity,complete,86,38,51,average_precision,0.558416635460169,0.40285911053066575,0.7579829635597528,exporter
oilseed-soy,threshold_outcome_only,threshold_50_kusd,B1,historical_logistic_structural,complete,86,38,51,average_precision,0.5873718154338067,0.41927172466184925,0.7556016017512663,exporter
oilseed-soy,threshold_outcome_only,threshold_50_kusd,B2,processed_importer_demand,complete,5365,93,38,macro_recall_at_3,0.17198298777246143,0.09082436204146731,0.2970926368952685,exporter_stage_entry
oilseed-soy,threshold_outcome_only,threshold_50_kusd,B2,gravity,complete,5365,93,38,macro_recall_at_3,0.19464380648591173,0.1012775784157363,0.3077535220627326,exporter_stage_entry
oilseed-soy,threshold_outcome_only,threshold_50_kusd,B2,historical_logistic_demand_gravity,complete,5365,93,38,macro_recall_at_3,0.1873338649654439,0.09647295321637425,0.29102704678362573,exporter_stage_entry
oilseed-soy,threshold_outcome_only,threshold_100_kusd,A,size,complete,34548,1034,88,average_precision,0.09953003705704509,0.06783176936206115,0.14405337614766986,exporter
oilseed-soy,threshold_outcome_only,threshold_100_kusd,A,gravity,complete,34548,1034,88,average_precision,0.07806204126982537,0.05582621729456039,0.10781794608903388,exporter
oilseed-soy,threshold_outcome_only,threshold_100_kusd,A,historical_logistic_size_gravity,complete,34548,1034,88,average_precision,0.09669349555529105,0.06959286518003101,0.1354254434174417,exporter
oilseed-soy,threshold_outcome_only,threshold_100_kusd,B1,upstream_capacity,complete,86,34,51,average_precision,0.5317008054078485,0.34503272543489916,0.7336925738281993,exporter
oilseed-soy,threshold_outcome_only,threshold_100_kusd,B1,historical_logistic_structural,complete,86,34,51,average_precision,0.5510724859984112,0.41271964545168294,0.7477106903351463,exporter
oilseed-soy,threshold_outcome_only,threshold_100_kusd,B2,processed_importer_demand,complete,4776,74,34,macro_recall_at_3,0.18341503267973855,0.07691993464052288,0.32040441176470597,exporter_stage_entry
oilseed-soy,threshold_outcome_only,threshold_100_kusd,B2,gravity,complete,4776,74,34,macro_recall_at_3,0.11552287581699347,0.04239787581699347,0.21045343137254907,exporter_stage_entry
oilseed-soy,threshold_outcome_only,threshold_100_kusd,B2,historical_logistic_demand_gravity,complete,4776,74,34,macro_recall_at_3,0.15008169934640522,0.06506535947712419,0.25995098039215686,exporter_stage_entry
oilseed-soy,threshold_outcome_only,threshold_250_kusd,A,size,complete,34548,706,88,average_precision,0.08610978318214316,0.05424360102228777,0.13028299000138546,exporter
oilseed-soy,threshold_outcome_only,threshold_250_kusd,A,gravity,complete,34548,706,88,average_precision,0.06469343536280764,0.04306739080159281,0.10082669689324035,exporter
oilseed-soy,threshold_outcome_only,threshold_250_kusd,A,historical_logistic_size_gravity,complete,34548,706,88,average_precision,0.08310950376132206,0.0543565208392495,0.12598832729044782,exporter
oilseed-soy,threshold_outcome_only,threshold_250_kusd,B1,upstream_capacity,complete,86,22,51,average_precision,0.3104543675921959,0.1945328166073062,0.5274724697538556,exporter
oilseed-soy,threshold_outcome_only,threshold_250_kusd,B1,historical_logistic_structural,complete,86,22,51,average_precision,0.3989387257890362,0.23185027242501813,0.615768520057288,exporter
oilseed-soy,threshold_outcome_only,threshold_250_kusd,B2,processed_importer_demand,complete,3142,44,22,macro_recall_at_3,0.26212121212121214,0.10587121212121212,0.4186363636363637,exporter_stage_entry
oilseed-soy,threshold_outcome_only,threshold_250_kusd,B2,gravity,complete,3142,44,22,macro_recall_at_3,0.09632034632034632,0.007575757575757575,0.21555735930735936,exporter_stage_entry
oilseed-soy,threshold_outcome_only,threshold_250_kusd,B2,historical_logistic_demand_gravity,complete,3142,44,22,macro_recall_at_3,0.21103896103896103,0.06463744588744588,0.3701298701298701,exporter_stage_entry
oilseed-soy,persistence,active_at_least_3_of_5_years_above_100_kusd,A,size,complete,34548,500,88,average_precision,0.0681513827559982,0.037797673157922415,0.10644571093519829,exporter
oilseed-soy,persistence,active_at_least_3_of_5_years_above_100_kusd,A,gravity,complete,34548,500,88,average_precision,0.04472328803895379,0.02601587174362938,0.07147427095934694,exporter
oilseed-soy,persistence,active_at_least_3_of_5_years_above_100_kusd,A,historical_logistic_size_gravity,complete,34548,500,88,average_precision,0.06301036768244869,0.035718221419132466,0.10972846273519352,exporter
oilseed-soy,persistence,active_at_least_3_of_5_years_above_100_kusd,B1,upstream_capacity,complete,86,12,51,average_precision,0.20451623845793282,0.10945363616543652,0.3950393820918741,exporter
oilseed-soy,persistence,active_at_least_3_of_5_years_above_100_kusd,B1,historical_logistic_structural,complete,86,12,51,average_precision,0.261901156455692,0.11319513163594713,0.5455930514202164,exporter
oilseed-soy,persistence,active_at_least_3_of_5_years_above_100_kusd,B2,processed_importer_demand,complete,1667,24,12,macro_recall_at_3,0.19444444444444442,0.0,0.4166666666666667,exporter_stage_entry
oilseed-soy,persistence,active_at_least_3_of_5_years_above_100_kusd,B2,gravity,complete,1667,24,12,macro_recall_at_3,0.16111111111111112,0.027777777777777776,0.33902777777777776,exporter_stage_entry
oilseed-soy,persistence,active_at_least_3_of_5_years_above_100_kusd,B2,historical_logistic_demand_gravity,complete,1667,24,12,macro_recall_at_3,0.14444444444444446,0.016666666666666666,0.3,exporter_stage_entry
