chain,track,source,model,seed,reporting_budget,model_value_capture,oracle_value_capture,oracle_gap_value_capture,headroom_kusd,total_observed_late_value_kusd,group_model_macro_value_capture,group_oracle_macro_value_capture,group_oracle_gap_macro_value_capture,group_model_pooled_value_capture,group_oracle_pooled_value_capture
sheep,a,cpu,gravity,,500,0.0893173530915272,0.9835059672072142,0.894188614115687,303996.7431999999,339969.3738,0.22826770469933574,0.9525676652748929,0.7242999605755572,0.15990112283461225,0.8927315328660939
sheep,a,cpu,historical_logistic_size_gravity,,500,0.25511325691067294,0.9835059672072142,0.7283927102965413,247631.21359999993,339969.3738,0.21168050343277195,0.9525676652748929,0.7408871618421212,0.21829355382952442,0.8927315328660939
sheep,a,cpu,size,,500,0.2499064420137482,0.9835059672072142,0.7335995251934659,249401.37119999994,339969.3738,0.23201302367031867,0.9525676652748929,0.7205546416045745,0.23767676863603415,0.8927315328660939
sheep,a,kge,RotatE,0,500,0.1959936510022186,0.9835059672072142,0.7875123162049955,267730.0689999999,339969.3738,0.3187593282163663,0.9525676652748929,0.6338083370585267,0.20987005506553075,0.8927315328660939
sheep,a,kge,RotatE,1,500,0.15351511054258382,0.9835059672072142,0.8299908566646303,282171.47179999994,339969.3738,0.2915570058764256,0.9525676652748929,0.6610106593984675,0.18895692186023613,0.8927315328660939
sheep,a,kge,RotatE,2,500,0.14013303394801263,0.9835059672072142,0.8433729332592015,286720.96799999994,339969.3738,0.31775359278560217,0.9525676652748929,0.634814072489291,0.21411688701942722,0.8927315328660939
sheep,a,kge,RotatE,3,500,0.21405524970261308,0.9835059672072142,0.769450717504601,261589.67859999993,339969.3738,0.3976914972482034,0.9525676652748929,0.5548761680266897,0.32544050237033445,0.8927315328660939
sheep,a,kge,RotatE,4,500,0.13378541334948918,0.9835059672072142,0.849720553857725,288878.96459999995,339969.3738,0.32122675882707313,0.9525676652748929,0.63134090644782,0.19266096256815238,0.8927315328660939
sheep,a,nbfnet,NBFNet,0,500,0.14995717417178714,0.9835059672072142,0.8335487930354271,283381.06119999994,339969.3738,0.35351480077969344,0.9525676652748929,0.5990528644951995,0.20040007203731247,0.8927315328660939
sheep,a,nbfnet,NBFNet,1,500,0.16077818830867877,0.9835059672072142,0.8227277788985354,279702.2477999999,339969.3738,0.38230614538389784,0.9525676652748929,0.570261519890995,0.21234824829388801,0.8927315328660939
sheep,a,nbfnet,NBFNet,2,500,0.09256063523684378,0.9835059672072142,0.8909453319703704,302894.12659999996,339969.3738,0.32354801630388386,0.9525676652748929,0.629019648971009,0.14620442201726355,0.8927315328660939
sheep,a,nbfnet,NBFNet,3,500,0.12816737317530688,0.9835059672072142,0.8553385940319073,290788.9261999999,339969.3738,0.30856867630339113,0.9525676652748929,0.6439989889715018,0.1443370926372545,0.8927315328660939
sheep,a,nbfnet,NBFNet,4,500,0.17333732606945787,0.9835059672072142,0.8101686411377563,275432.52559999994,339969.3738,0.37643660164081727,0.9525676652748929,0.5761310636340758,0.19819488222382933,0.8927315328660939
sheep,b1,cpu,historical_logistic_structural,,50,0.07226853251149615,1.0000000000000002,0.9277314674885041,24043.495800000004,25916.4388,0.601114905361439,0.9843188936354215,0.38320398827398244,0.3740997933713023,0.9860344701371548
sheep,b1,cpu,upstream_capacity,,50,0.6126089360703371,1.0000000000000002,0.38739106392966316,10039.796800000002,25916.4388,0.473999956266303,0.9843188936354215,0.5103189373691184,0.345578999843142,0.9860344701371548
sheep,b1,kge,RGCN,0,50,0.2532004127048505,1.0000000000000002,0.7467995872951497,19354.385800000004,25916.4388,0.8090687571029246,0.9843188936354215,0.1752501365324968,0.487953344886258,0.9860344701371548
sheep,b1,kge,RGCN,1,50,0.17156107883155616,1.0000000000000002,0.8284389211684441,21470.1866,25916.4388,0.6970246885209684,0.9843188936354215,0.28729420511445286,0.3880208881167732,0.9860344701371548
sheep,b1,kge,RGCN,2,50,0.7604043963015475,1.0000000000000002,0.23959560369845267,6209.464800000002,25916.4388,0.7502452276911599,0.9843188936354215,0.23407366594426152,0.48019524194813373,0.9860344701371548
sheep,b1,kge,RGCN,3,50,0.16726363654561985,1.0000000000000002,0.8327363634543804,21581.561,25916.4388,0.777585493596733,0.9843188936354215,0.20673340003868834,0.3948036950200118,0.9860344701371548
sheep,b1,kge,RGCN,4,50,0.7432103055763974,1.0000000000000002,0.2567896944236028,6655.074400000001,25916.4388,0.7036910836717885,0.9843188936354215,0.28062780996363296,0.46300115122298363,0.9860344701371548
sheep,b1,nbfnet,NBFNet,0,50,0.06325062685695845,1.0000000000000002,0.9367493731430417,24277.207800000004,25916.4388,0.4711984611455163,0.9843188936354215,0.513120432489905,0.32780605644013094,0.9860344701371548
sheep,b1,nbfnet,NBFNet,1,50,0.3021804446373242,1.0000000000000002,0.697819555362676,18084.997800000005,25916.4388,0.601114905361439,0.9843188936354215,0.38320398827398244,0.37661888947489197,0.9860344701371548
sheep,b1,nbfnet,NBFNet,2,50,0.09222743982865424,1.0000000000000002,0.907772560171346,23526.232000000004,25916.4388,0.5888455199690457,0.9843188936354215,0.39547337366637564,0.35000692301906855,0.9860344701371548
sheep,b1,nbfnet,NBFNet,3,50,0.3099071543733856,1.0000000000000002,0.6900928456266147,17884.749000000003,25916.4388,0.601114905361439,0.9843188936354215,0.38320398827398244,0.3740997933713023,0.9860344701371548
sheep,b1,nbfnet,NBFNet,4,50,0.7856383107697653,1.0000000000000002,0.2143616892302349,5555.491600000001,25916.4388,0.48346784653790953,0.9843188936354215,0.5008510470975118,0.3420606846647465,0.9860344701371548
sheep,b2,cpu,gravity,,3,0.10361512750998451,0.9845306832935841,0.8809155557835995,20467.546599999998,25916.438799999996,0.10361512750998451,0.9845306832935841,0.8809155557835995,0.05864612849509247,0.8483976355578606
sheep,b2,cpu,historical_logistic_demand_gravity,,3,0.11823441629464804,0.9845306832935841,0.866296266998936,20264.466199999995,25916.438799999996,0.11823441629464804,0.9845306832935841,0.866296266998936,0.06648209706960202,0.8483976355578606
sheep,b2,cpu,processed_importer_demand,,3,0.165868485650566,0.9845306832935841,0.818662197643018,20729.6036,25916.438799999996,0.165868485650566,0.9845306832935841,0.818662197643018,0.04853451547517401,0.8483976355578606
sheep,b2,kge,DistMult,0,3,0.015427301886854233,0.9845306832935841,0.9691033814067298,21579.140799999997,25916.438799999996,0.015427301886854233,0.9845306832935841,0.9691033814067298,0.01575465684737519,0.8483976355578606
sheep,b2,kge,DistMult,1,3,0.015963280554170005,0.9845306832935841,0.9685674027394139,21443.009599999998,25916.438799999996,0.015963280554170005,0.9845306832935841,0.9685674027394139,0.021007353834431915,0.8483976355578606
sheep,b2,kge,DistMult,2,3,0.014619288784663512,0.9845306832935841,0.9699113945089206,21784.364999999998,25916.438799999996,0.014619288784663512,0.9845306832935841,0.9699113945089206,0.007835968574509551,0.8483976355578606
sheep,b2,kge,DistMult,3,3,0.1,0.9845306832935841,0.884530683293584,21296.051199999998,25916.438799999996,0.1,0.9845306832935841,0.884530683293584,0.026677824269590623,0.8483976355578606
sheep,b2,kge,DistMult,4,3,0.06752676833281872,0.9845306832935841,0.9170039149607654,20776.766399999997,25916.438799999996,0.06752676833281872,0.9845306832935841,0.9170039149607654,0.0467147129797787,0.8483976355578606
sheep,b2,nbfnet,NBFNet,0,3,0.47112148822727756,0.9845306832935841,0.5134091950663062,10883.219399999998,25916.438799999996,0.47112148822727756,0.9845306832935841,0.5134091950663062,0.4284626481937789,0.8483976355578606
sheep,b2,nbfnet,NBFNet,1,3,0.44276030384161524,0.9845306832935841,0.5417703794519687,12412.463599999995,25916.438799999996,0.44276030384161524,0.9845306832935841,0.5417703794519687,0.3694559223159936,0.8483976355578606
sheep,b2,nbfnet,NBFNet,2,3,0.35020994022160806,0.9845306832935841,0.6343207430719758,13445.198199999997,25916.438799999996,0.35020994022160806,0.9845306832935841,0.6343207430719758,0.3296072915697044,0.8483976355578606
sheep,b2,nbfnet,NBFNet,3,3,0.41982751365671717,0.9845306832935841,0.5647031696368667,14864.374599999996,25916.438799999996,0.41982751365671717,0.9845306832935841,0.5647031696368667,0.27484759210050114,0.8483976355578606
sheep,b2,nbfnet,NBFNet,4,3,0.5079856776748078,0.9845306832935841,0.47654500561877605,14455.290599999997,25916.438799999996,0.5079856776748078,0.9845306832935841,0.47654500561877605,0.29063232252418886,0.8483976355578606
cotton,a,cpu,gravity,,500,0.04688770340907691,0.6849306007221032,0.6380428973130263,1246405.957,1953483.006,0.1570165203721861,0.8216078270596651,0.6645913066874789,0.12383415922073292,0.7149755695392006
cotton,a,cpu,historical_logistic_size_gravity,,500,0.05572740979349989,0.6849306007221032,0.6292031909286033,1229137.7408,1953483.006,0.1709312894978812,0.8216078270596651,0.6506765375617839,0.15410424696573988,0.7149755695392006
cotton,a,cpu,size,,500,0.09182517116813863,0.6849306007221032,0.5931054295539646,1158621.3774,1953483.006,0.15962535245174003,0.8216078270596651,0.6619824746079251,0.14611266252295207,0.7149755695392006
cotton,a,kge,RotatE,0,500,0.024610892366268174,0.6849306007221032,0.6603197083558351,1289923.3288,1953483.006,0.15097606746379422,0.8216078270596651,0.6706317595958711,0.11457909278582173,0.7149755695392006
cotton,a,kge,RotatE,1,500,0.02317536137296707,0.6849306007221032,0.6617552393491362,1292727.6142,1953483.006,0.1523823847994737,0.8216078270596651,0.6692254422601915,0.10894906274910282,0.7149755695392006
cotton,a,kge,RotatE,2,500,0.01827181044850103,0.6849306007221032,0.6666587902736022,1302306.6176,1953483.006,0.1267700369537713,0.8216078270596651,0.694837790105894,0.10211634039676924,0.7149755695392006
cotton,a,kge,RotatE,3,500,0.01432461542488586,0.6849306007221032,0.6706059852972174,1310017.396,1953483.006,0.14446578970144833,0.8216078270596651,0.6771420373582169,0.16724983058286197,0.7149755695392006
cotton,a,kge,RotatE,4,500,0.033029197593132276,0.6849306007221032,0.6519014031289709,1273478.3126,1953483.006,0.14513055468875677,0.8216078270596651,0.6764772723709085,0.08830437995630047,0.7149755695392006
cotton,a,nbfnet,NBFNet,0,500,0.0504347709692848,0.6849306007221032,0.6344958297528184,1239476.8207999999,1953483.006,0.18392787516091158,0.8216078270596651,0.6376799518987536,0.20683755310846044,0.7149755695392006
cotton,a,nbfnet,NBFNet,1,500,0.04866672426020583,0.6849306007221032,0.6362638764618974,1242930.67,1953483.006,0.19923503706620532,0.8216078270596651,0.6223727899934598,0.14499211804251544,0.7149755695392006
cotton,a,nbfnet,NBFNet,2,500,0.04877994623312326,0.6849306007221032,0.6361506544889799,1242709.4928,1953483.006,0.18329261302990776,0.8216078270596651,0.6383152140297574,0.1360166843447831,0.7149755695392006
cotton,a,nbfnet,NBFNet,3,500,0.05816484169609408,0.6849306007221032,0.6267657590260092,1224376.259,1953483.006,0.17075253670906113,0.8216078270596651,0.6508552903506042,0.14312377662936265,0.7149755695392006
cotton,a,nbfnet,NBFNet,4,500,0.052244371968700916,0.6849306007221032,0.6326862287534023,1235941.796,1953483.006,0.16476774640224193,0.8216078270596651,0.6568400806574233,0.12441545058416545,0.7149755695392006
cotton,b1,cpu,historical_logistic_structural,,50,0.01855174852729479,1.0,0.9814482514727052,46465.115599999976,47343.41879999998,0.6894387584324683,0.9696108610381701,0.28017210260570197,0.9188150222898566,0.9717396623667576
cotton,b1,cpu,upstream_capacity,,50,0.025774661630477785,1.0,0.9742253383695222,46123.158199999976,47343.41879999998,0.5866523068287135,0.9696108610381701,0.3829585542094567,0.10259441593178739,0.9717396623667576
cotton,b1,kge,RotatE,0,50,0.8861533464076746,1.0,0.11384665359232538,5389.889799999983,47343.41879999998,0.6674650381276911,0.9696108610381701,0.3021458229104791,0.1133512014134476,0.9717396623667576
cotton,b1,kge,RotatE,1,50,0.8925814119701895,1.0,0.10741858802981052,5085.563199999982,47343.41879999998,0.6629916781262893,0.9696108610381701,0.3066191829118808,0.9210842500457529,0.9717396623667576
cotton,b1,kge,RotatE,2,50,0.09211647807741342,1.0,0.9078835219225866,42982.30979999997,47343.41879999998,0.606443862121965,0.9696108610381701,0.363166998916205,0.11086825018221966,0.9717396623667576
cotton,b1,kge,RotatE,3,50,0.058522385375346014,1.0,0.941477614624654,44572.76899999998,47343.41879999998,0.5909918006582227,0.9696108610381701,0.3786190603799476,0.1073866553971806,0.9717396623667576
cotton,b1,kge,RotatE,4,50,0.09525519099182593,1.0,0.9047448090081741,42833.712399999975,47343.41879999998,0.5353277500261904,0.9696108610381701,0.4342831110119797,0.13125403186978973,0.9717396623667576
cotton,b1,nbfnet,NBFNet,0,50,0.056719063981074416,1.0,0.9432809360189256,44658.144399999976,47343.41879999998,0.682448093402231,0.9696108610381701,0.2871627676359392,0.9017924577935215,0.9717396623667576
cotton,b1,nbfnet,NBFNet,1,50,0.09903921851963936,1.0,0.9009607814803606,42654.56359999998,47343.41879999998,0.6387019266380941,0.9696108610381701,0.330908934400076,0.10747984258373841,0.9717396623667576
cotton,b1,nbfnet,NBFNet,2,50,0.054781185341857934,1.0,0.9452188146581421,44749.89019999998,47343.41879999998,0.6699815841793535,0.9696108610381701,0.2996292768588166,0.9096387859509633,0.9717396623667576
cotton,b1,nbfnet,NBFNet,3,50,0.06735540188745308,1.0,0.932644598112547,44154.58379999998,47343.41879999998,0.6549985289048136,0.9696108610381701,0.3146123321333565,0.11764430920227507,0.9717396623667576
cotton,b1,nbfnet,NBFNet,4,50,0.07417012731661876,1.0,0.9258298726833812,43831.951399999976,47343.41879999998,0.6709599911542231,0.9696108610381701,0.29865086988394696,0.11685243567581145,0.9717396623667576
cotton,b2,cpu,gravity,,3,0.2634687812167533,1.0,0.7365312187832467,44539.71559999998,47343.418799999985,0.2634687812167533,1.0,0.7365312187832467,0.05922054788320443,1.0
cotton,b2,cpu,historical_logistic_demand_gravity,,3,0.18013544788341995,1.0,0.81986455211658,45655.38059999998,47343.418799999985,0.18013544788341995,1.0,0.81986455211658,0.03565518170817018,1.0
cotton,b2,cpu,processed_importer_demand,,3,0.1533513444868573,1.0,0.8466486555131427,45007.626999999986,47343.418799999985,0.1533513444868573,1.0,0.8466486555131427,0.04933720164712736,1.0
cotton,b2,kge,RotatE,0,3,0.4136199912883143,1.0,0.5863800087116857,43270.55899999999,47343.418799999985,0.4136199912883143,1.0,0.5863800087116857,0.08602800353742093,1.0
cotton,b2,kge,RotatE,1,3,0.2747311023994254,1.0,0.7252688976005746,44844.725799999986,47343.418799999985,0.2747311023994254,1.0,0.7252688976005746,0.05277804314377062,1.0
cotton,b2,kge,RotatE,2,3,0.33220609154982317,1.0,0.6677939084501768,44082.82479999999,47343.418799999985,0.33220609154982317,1.0,0.6677939084501768,0.06887111414100076,1.0
cotton,b2,kge,RotatE,3,3,0.3309698185332319,1.0,0.6690301814667681,44943.49319999998,47343.418799999985,0.3309698185332319,1.0,0.6690301814667681,0.05069185244391351,1.0
cotton,b2,kge,RotatE,4,3,0.4566769526446064,1.0,0.5433230473553936,42961.95239999999,47343.418799999985,0.4566769526446064,1.0,0.5433230473553936,0.09254647237262895,1.0
cotton,b2,nbfnet,NBFNet,0,3,0.6410289462657452,1.0,0.35897105373425475,5059.098999999987,47343.418799999985,0.6410289462657452,1.0,0.35897105373425475,0.8931403956826204,1.0
cotton,b2,nbfnet,NBFNet,1,3,0.5999358463081581,1.0,0.4000641536918419,4163.761599999991,47343.418799999985,0.5999358463081581,1.0,0.4000641536918419,0.9120519450107817,1.0
cotton,b2,nbfnet,NBFNet,2,3,0.5855359700338342,1.0,0.4144640299661659,5492.25759999999,47343.418799999985,0.5855359700338342,1.0,0.4144640299661659,0.8839911071230033,1.0
cotton,b2,nbfnet,NBFNet,3,3,0.5321242951887153,1.0,0.46787570481128465,6206.203999999991,47343.418799999985,0.5321242951887153,1.0,0.46787570481128465,0.8689109456539714,1.0
cotton,b2,nbfnet,NBFNet,4,3,0.5868767500154642,1.0,0.41312324998453576,40293.14419999999,47343.418799999985,0.5868767500154642,1.0,0.41312324998453576,0.1489177329965026,1.0
aluminium,a,cpu,gravity,,500,0.13395766281028118,0.8242005427356749,0.6902428799253937,4525989.7896,6557097.3946,0.21511980951652557,0.8299470497939144,0.6148272402773887,0.17894551244065787,0.7534176647533793
aluminium,a,cpu,historical_logistic_size_gravity,,500,0.14210773964824464,0.8242005427356749,0.6820928030874303,4472548.942,6557097.3946,0.21883720510379862,0.8299470497939144,0.6111098446901158,0.21288096534139583,0.7534176647533793
aluminium,a,cpu,size,,500,0.1125688861367031,0.8242005427356749,0.7116316565989718,4666238.0814,6557097.3946,0.18233593648593502,0.8299470497939144,0.6476111133079794,0.17052140941521102,0.7534176647533793
aluminium,a,kge,RotatE,0,500,0.03215218998784765,0.8242005427356749,0.7920483527478273,5193538.1902,6557097.3946,0.1793439204847237,0.8299470497939144,0.6506031293091907,0.06455327684298053,0.7534176647533793
aluminium,a,kge,RotatE,1,500,0.035625841243776483,0.8242005427356749,0.7885747014918985,5170761.1206,6557097.3946,0.1849258742354908,0.8299470497939144,0.6450211755584235,0.08889052953216904,0.7534176647533793
aluminium,a,kge,RotatE,2,500,0.045923260656153375,0.8242005427356749,0.7782772820795215,5103239.9386,6557097.3946,0.16368574300781286,0.8299470497939144,0.6662613067861014,0.0722666575595232,0.7534176647533793
aluminium,a,kge,RotatE,3,500,0.030814277635466743,0.8242005427356749,0.7933862651002082,5202311.0117999995,6557097.3946,0.18360048941867246,0.8299470497939144,0.6463465603752419,0.06929894992473565,0.7534176647533793
aluminium,a,kge,RotatE,4,500,0.035744150756860556,0.8242005427356749,0.7884563919788143,5169985.3536,6557097.3946,0.182582941964775,0.8299470497939144,0.6473641078291392,0.08095456151637379,0.7534176647533793
aluminium,a,nbfnet,NBFNet,0,500,0.01584559285112437,0.8242005427356749,0.8083549498845505,5300462.1358,6557097.3946,0.16056412079373567,0.8299470497939144,0.6693829290001787,0.043739823848917524,0.7534176647533793
aluminium,a,nbfnet,NBFNet,1,500,0.056015807131747856,0.8242005427356749,0.7681847356039271,5037062.1284,6557097.3946,0.19401160879284335,0.8299470497939144,0.635935441001071,0.07734028425712229,0.7534176647533793
aluminium,a,nbfnet,NBFNet,2,500,0.02516567073350087,0.8242005427356749,0.799034872002174,5239349.4774,6557097.3946,0.19664306884328936,0.8299470497939144,0.6333039809506249,0.044029511935839066,0.7534176647533793
aluminium,a,nbfnet,NBFNet,3,500,0.02446152868372708,0.8242005427356749,0.7997390140519478,5243966.6054,6557097.3946,0.16493000287670928,0.8299470497939144,0.6650170469172051,0.049027082724857236,0.7534176647533793
aluminium,a,nbfnet,NBFNet,4,500,0.03309849391267726,0.8242005427356749,0.7911020488229976,5187333.1832,6557097.3946,0.1790211532961008,0.8299470497939144,0.6509258964978136,0.0960086606184082,0.7534176647533793
aluminium,b1,cpu,historical_logistic_structural,,50,0.1149583359654725,0.9960289707109002,0.8810706347454278,720986.9635999999,818307.7896,0.6458998724498077,0.9279010962794321,0.2820012238296243,0.7515250953441491,0.9862978124582185
aluminium,b1,cpu,upstream_capacity,,50,0.2326252486158663,0.9960289707109002,0.7634037220950339,624699.2123999998,818307.7896,0.5530751668791927,0.9279010962794321,0.37482592940023934,0.6490816789849118,0.9862978124582185
aluminium,b1,kge,DistMult,0,50,0.6495151036748728,0.9960289707109002,0.3465138670360275,283554.99659999995,818307.7896,0.5952211023541222,0.9279010962794321,0.3326799939253099,0.7466961873828409,0.9862978124582185
aluminium,b1,kge,DistMult,1,50,0.6458436030021629,0.9960289707109002,0.3501853677087373,286559.4142,818307.7896,0.556104345587421,0.9279010962794321,0.37179675069201124,0.7510274637620289,0.9862978124582185
aluminium,b1,kge,DistMult,2,50,0.6452160853290745,0.9960289707109002,0.35081288538182576,287072.9168,818307.7896,0.3214838188796776,0.9279010962794321,0.6064172773997545,0.25196838918127296,0.9862978124582185
aluminium,b1,kge,DistMult,3,50,0.6489573651249035,0.9960289707109002,0.3470716055859967,284011.39839999995,818307.7896,0.5870161577178621,0.9279010962794321,0.34088493856156993,0.7590638785237831,0.9862978124582185
aluminium,b1,kge,DistMult,4,50,0.641529142056208,0.9960289707109002,0.3544998286546922,290089.9711999999,818307.7896,0.37188833105888564,0.9279010962794321,0.5560127652205464,0.6438145698912702,0.9862978124582185
aluminium,b1,nbfnet,NBFNet,0,50,0.012887292696009795,0.9960289707109002,0.9831416780148905,804512.4933999999,818307.7896,0.5018864275893714,0.9279010962794321,0.4260146686900606,0.07821187237052302,0.9862978124582185
aluminium,b1,nbfnet,NBFNet,1,50,0.01595320851874242,0.9960289707109002,0.9800757621921579,802003.6305999999,818307.7896,0.42108322588298736,0.9279010962794321,0.5068178703964447,0.05233127527837968,0.9862978124582185
aluminium,b1,nbfnet,NBFNet,2,50,0.019045044172948684,0.9960289707109002,0.9769839265379515,799473.5573999999,818307.7896,0.401236351115473,0.9279010962794321,0.5266647451639591,0.07226959311838865,0.9862978124582185
aluminium,b1,nbfnet,NBFNet,3,50,0.023478008940121666,0.9960289707109002,0.9725509617707786,795846.0277999999,818307.7896,0.5549536235513115,0.9279010962794321,0.3729474727281205,0.1508144345788591,0.9862978124582185
aluminium,b1,nbfnet,NBFNet,4,50,0.017072261045967683,0.9960289707109002,0.9789567096649325,801087.9012,818307.7896,0.40916599808875637,0.9279010962794321,0.5187350981906756,0.05693381584791406,0.9862978124582185
aluminium,b2,cpu,gravity,,3,0.2765109437371021,0.9745290092908644,0.6980180655537624,469584.1664,818307.7896,0.2765109437371021,0.9745290092908644,0.6980180655537624,0.2816512978724796,0.855499148727644
aluminium,b2,cpu,historical_logistic_demand_gravity,,3,0.2616534025546319,0.9745290092908644,0.7128756067362327,472746.6792,818307.7896,0.2616534025546319,0.9745290092908644,0.7128756067362327,0.27778659947880324,0.855499148727644
aluminium,b2,cpu,processed_importer_demand,,3,0.14442028942176036,0.9745290092908644,0.8301087198691042,474532.2944,818307.7896,0.14442028942176036,0.9745290092908644,0.8301087198691042,0.2756045168655205,0.855499148727644
aluminium,b2,kge,TransE,0,3,0.2201799398749531,0.9745290092908644,0.7543490694159114,644332.5,818307.7896,0.2201799398749531,0.9745290092908644,0.7543490694159114,0.06810288024661375,0.855499148727644
aluminium,b2,kge,TransE,1,3,0.19055580645506684,0.9745290092908644,0.7839732028357976,668333.352,818307.7896,0.19055580645506684,0.9745290092908644,0.7839732028357976,0.03877302135362687,0.855499148727644
aluminium,b2,kge,TransE,2,3,0.18326473564885662,0.9745290092908644,0.791264273642008,643200.6024,818307.7896,0.18326473564885662,0.9745290092908644,0.791264273642008,0.06948609767944948,0.855499148727644
aluminium,b2,kge,TransE,3,3,0.18251234302915156,0.9745290092908644,0.792016666261713,683438.8626,818307.7896,0.18251234302915156,0.9745290092908644,0.792016666261713,0.020313572730531415,0.855499148727644
aluminium,b2,kge,TransE,4,3,0.1967860048354046,0.9745290092908644,0.7777430044554599,666705.4514,818307.7896,0.1967860048354046,0.9745290092908644,0.7777430044554599,0.04076237135211062,0.855499148727644
aluminium,b2,nbfnet,NBFNet,0,3,0.26659356205872187,0.9745290092908644,0.7079354472321425,637982.2852,818307.7896,0.26659356205872187,0.9745290092908644,0.7079354472321425,0.0758630590946045,0.855499148727644
aluminium,b2,nbfnet,NBFNet,1,3,0.36842507764652854,0.9745290092908644,0.606103931644336,480352.4496,818307.7896,0.36842507764652854,0.9745290092908644,0.606103931644336,0.26849208890874277,0.855499148727644
aluminium,b2,nbfnet,NBFNet,2,3,0.30477632017292067,0.9745290092908644,0.6697526891179438,298438.97699999996,818307.7896,0.30477632017292067,0.9745290092908644,0.6697526891179438,0.49079655052082377,0.855499148727644
aluminium,b2,nbfnet,NBFNet,3,3,0.30970577437150476,0.9745290092908644,0.6648232349193598,402960.9072,818307.7896,0.30970577437150476,0.9745290092908644,0.6648232349193598,0.3630671905802422,0.855499148727644
aluminium,b2,nbfnet,NBFNet,4,3,0.305219973300895,0.9745290092908644,0.6693090359899695,487712.3552,818307.7896,0.305219973300895,0.9745290092908644,0.6693090359899695,0.2594980335013054,0.855499148727644
nickel,a,cpu,gravity,,500,0.26245696050043377,0.9350050841414811,0.6725481236410473,2528814.020000001,3760049.1788,0.18279849396805745,0.8579109348379916,0.6751124408699343,0.28708848812038845,0.8986140986800438
nickel,a,cpu,historical_logistic_size_gravity,,500,0.40159870198344544,0.9350050841414811,0.5334063821580357,2005634.2292000009,3760049.1788,0.254023297371933,0.8579109348379916,0.6038876374660588,0.45693663915010924,0.8986140986800438
nickel,a,cpu,size,,500,0.5016298798522513,0.9350050841414811,0.4333752042892298,1629512.0810000007,3760049.1788,0.28252806278464554,0.8579109348379916,0.5753828720533463,0.524692335707596,0.8986140986800438
nickel,a,kge,RotatE,0,500,0.039822983604641995,0.9350050841414811,0.8951821005368391,3365928.7220000005,3760049.1788,0.2116879523251161,0.8579109348379916,0.6462229825128756,0.2539214694273509,0.8986140986800438
nickel,a,kge,RotatE,1,500,0.18187816192825804,0.9350050841414811,0.7531269222132231,2831794.265400001,3760049.1788,0.2099630967466393,0.8579109348379916,0.6479478380913525,0.24023880950628593,0.8986140986800438
nickel,a,kge,RotatE,2,500,0.05551943404810022,0.9350050841414811,0.8794856500933809,3306909.296400001,3760049.1788,0.17503486064115126,0.8579109348379916,0.6828760741968404,0.10628833017751804,0.8986140986800438
nickel,a,kge,RotatE,3,500,0.04929660437557254,0.9350050841414811,0.8857084797659085,3330307.4420000007,3760049.1788,0.19901865713719005,0.8579109348379916,0.6588922777008017,0.18986726381803357,0.8986140986800438
nickel,a,kge,RotatE,4,500,0.05260474690470024,0.9350050841414811,0.8824003372367808,3317868.663400001,3760049.1788,0.19778145980284598,0.8579109348379916,0.6601294750351457,0.19765874573938164,0.8986140986800438
nickel,a,nbfnet,NBFNet,0,500,0.07995453944991897,0.9350050841414811,0.8550505446915622,3215032.0984000005,3760049.1788,0.19630121101627962,0.8579109348379916,0.661609723821712,0.10272091939054508,0.8986140986800438
nickel,a,nbfnet,NBFNet,1,500,0.10892391246082284,0.9350050841414811,0.8260811716806582,3106105.831200001,3760049.1788,0.15432457419620713,0.8579109348379916,0.7035863606417846,0.15159129875580765,0.8986140986800438
nickel,a,nbfnet,NBFNet,2,500,0.15482131916843322,0.9350050841414811,0.7801837649730479,2933529.3248000005,3760049.1788,0.2313343467986046,0.8579109348379916,0.626576588039387,0.1732356137447869,0.8986140986800438
nickel,a,nbfnet,NBFNet,3,500,0.11734554624650274,0.9350050841414811,0.8176595378949784,3074440.0740000005,3760049.1788,0.1800458920587086,0.8579109348379916,0.6778650427792831,0.12288010566592009,0.8986140986800438
nickel,a,nbfnet,NBFNet,4,500,0.22725633090594513,0.9350050841414811,0.707748753235536,2661170.118400001,3760049.1788,0.20241600137256924,0.8579109348379916,0.6554949334654224,0.10358673141724813,0.8986140986800438
nickel,b1,cpu,historical_logistic_structural,,50,0.057852870975792475,0.9950125505643385,0.937159679588546,484061.30760000006,516519.56240000005,0.5009019412961748,0.9095403422061764,0.4086384009100016,0.7463073944554245,0.9621077480414129
nickel,b1,cpu,upstream_capacity,,50,0.039067161185994216,0.9950125505643385,0.9559453893783443,493764.4942000001,516519.56240000005,0.34803127797067634,0.9095403422061764,0.5615090642355,0.11072754753809107,0.9621077480414129
nickel,b1,kge,RGCN,0,50,0.1422793004364243,0.9950125505643385,0.8527332501279141,440453.40520000004,516519.56240000005,0.3659366944905034,0.9095403422061764,0.5436036477156729,0.07632113838405125,0.9621077480414129
nickel,b1,kge,RGCN,1,50,0.3042156720451833,0.9950125505643385,0.6907968785191552,356810.10140000004,516519.56240000005,0.5027961440357759,0.9095403422061764,0.4067441981704005,0.7517591751913093,0.9621077480414129
nickel,b1,kge,RGCN,2,50,0.16649215026904077,0.9950125505643385,0.8285204002952977,427946.9946000001,516519.56240000005,0.42332522271352824,0.9095403422061764,0.4862151194926481,0.06777618690246144,0.9621077480414129
nickel,b1,kge,RGCN,3,50,0.09069488594455606,0.9950125505643385,0.9043176646197824,467097.76440000004,516519.56240000005,0.5143943455477307,0.9095403422061764,0.3951459966584456,0.0823732301682907,0.9621077480414129
nickel,b1,kge,RGCN,4,50,0.07563723553561191,0.9950125505643385,0.9193753150287265,474875.33540000004,516519.56240000005,0.4817538472020053,0.9095403422061764,0.42778649500417093,0.083369156823246,0.9621077480414129
nickel,b1,nbfnet,NBFNet,0,50,0.23602256618035108,0.9950125505643385,0.7589899843839873,392033.1746,516519.56240000005,0.4154391906831961,0.9095403422061764,0.4941011515229802,0.7408878014646131,0.9621077480414129
nickel,b1,nbfnet,NBFNet,1,50,0.09884098670490161,0.9950125505643385,0.8961715638594369,462890.14400000003,516519.56240000005,0.4791238819934148,0.9095403422061764,0.43041646021276153,0.11894619540551209,0.9621077480414129
nickel,b1,nbfnet,NBFNet,2,50,0.0783021626752621,0.9950125505643385,0.9167103878890763,473498.8484000001,516519.56240000005,0.4428441781912909,0.9095403422061764,0.46669616401488545,0.264239205124828,0.9621077480414129
nickel,b1,nbfnet,NBFNet,3,50,0.08852499949380424,0.9950125505643385,0.9064875510705342,468218.5532000001,516519.56240000005,0.29651738298774133,0.9095403422061764,0.6130229592184351,0.09626214342971029,0.9621077480414129
nickel,b1,nbfnet,NBFNet,4,50,0.2597698247411045,0.9950125505643385,0.7352427258232339,379767.25100000005,516519.56240000005,0.38481885499638374,0.9095403422061764,0.5247214872097926,0.25619381729732527,0.9621077480414129
nickel,b2,cpu,gravity,,3,0.3708642969417502,0.981694209205724,0.6108299122639738,161678.9672,516519.56240000005,0.3708642969417502,0.981694209205724,0.6108299122639738,0.5464689222775505,0.8594850768811849
nickel,b2,cpu,historical_logistic_demand_gravity,,3,0.28310017015651373,0.981694209205724,0.6985940390492102,169818.8614,516519.56240000005,0.28310017015651373,0.981694209205724,0.6985940390492102,0.5307098014377161,0.8594850768811849
nickel,b2,cpu,processed_importer_demand,,3,0.23475114495081545,0.981694209205724,0.7469430642549088,122882.16579999996,516519.56240000005,0.23475114495081545,0.981694209205724,0.7469430642549088,0.6215808913571558,0.8594850768811849
nickel,b2,kge,TransE,0,3,0.23870145381729382,0.981694209205724,0.7429927553884301,330445.3484,516519.56240000005,0.23870145381729382,0.981694209205724,0.7429927553884301,0.2197312854379511,0.8594850768811849
nickel,b2,kge,TransE,1,3,0.15622156921182112,0.981694209205724,0.8254726399939029,329590.48620000004,516519.56240000005,0.15622156921182112,0.981694209205724,0.8254726399939029,0.22138632865843996,0.8594850768811849
nickel,b2,kge,TransE,2,3,0.2978617945230814,0.981694209205724,0.6838324146826427,391333.47500000003,516519.56240000005,0.2978617945230814,0.981694209205724,0.6838324146826427,0.10184973547867311,0.8594850768811849
nickel,b2,kge,TransE,3,3,0.21190209273236232,0.981694209205724,0.7697921164733618,425254.20180000004,516519.56240000005,0.21190209273236232,0.981694209205724,0.7697921164733618,0.036178017949935436,0.8594850768811849
nickel,b2,kge,TransE,4,3,0.2188309215178256,0.981694209205724,0.7628632876878985,366059.3748,516519.56240000005,0.2188309215178256,0.981694209205724,0.7628632876878985,0.15078128045746209,0.8594850768811849
nickel,b2,nbfnet,NBFNet,0,3,0.38643108633978795,0.981694209205724,0.5952631228659361,291447.6592,516519.56240000005,0.38643108633978795,0.981694209205724,0.5952631228659361,0.2952321803484901,0.8594850768811849
nickel,b2,nbfnet,NBFNet,1,3,0.3258008698319475,0.981694209205724,0.6558933393737765,191215.94540000003,516519.56240000005,0.3258008698319475,0.981694209205724,0.6558933393737765,0.4892842958855569,0.8594850768811849
nickel,b2,nbfnet,NBFNet,2,3,0.3925568601822178,0.981694209205724,0.5891373490235062,310937.42720000003,516519.56240000005,0.3925568601822178,0.981694209205724,0.5891373490235062,0.25749930550936284,0.8594850768811849
nickel,b2,nbfnet,NBFNet,3,3,0.3009817415842416,0.981694209205724,0.6807124676214824,376336.1316,516519.56240000005,0.3009817415842416,0.981694209205724,0.6807124676214824,0.13088511863108476,0.8594850768811849
nickel,b2,nbfnet,NBFNet,4,3,0.3834857058169878,0.981694209205724,0.5982085033887362,313099.0488,516519.56240000005,0.3834857058169878,0.981694209205724,0.5982085033887362,0.2533143302299057,0.8594850768811849
cocoa,a,cpu,gravity,,500,0.14153630381459395,0.7037421808912716,0.5622058770766777,924629.9062000001,1644646.4612,0.17890171488043577,0.7698891601665161,0.5909874452860803,0.23076765441922323,0.6892567287518389
cocoa,a,cpu,historical_logistic_size_gravity,,500,0.14868565820618812,0.7037421808912716,0.5550565226850834,912871.7458,1644646.4612,0.19498345440988685,0.7698891601665161,0.5749057057566291,0.2092824249588943,0.6892567287518389
cocoa,a,cpu,size,,500,0.1426406649297936,0.7037421808912716,0.5611015159614781,922813.6226000001,1644646.4612,0.15031194438554213,0.7698891601665161,0.6195772157809739,0.11340359244376189,0.6892567287518389
cocoa,a,kge,RotatE,0,500,0.061788830728917506,0.7037421808912716,0.6419533501623541,1055786.3056,1644646.4612,0.1562308107956117,0.7698891601665161,0.6136583493709044,0.11664029159192771,0.6892567287518389
cocoa,a,kge,RotatE,1,500,0.05479588028556905,0.7037421808912716,0.6489463006057026,1067287.2368,1644646.4612,0.1843490036952421,0.7698891601665161,0.585540156471274,0.12931416326693276,0.6892567287518389
cocoa,a,kge,RotatE,2,500,0.0792272710725485,0.7037421808912716,0.6245149098187232,1027106.2364,1644646.4612,0.18680336974179443,0.7698891601665161,0.5830857904247216,0.19924736162500434,0.6892567287518389
cocoa,a,kge,RotatE,3,500,0.07082558893235284,0.7037421808912716,0.6329165919589188,1040924.0332000001,1644646.4612,0.1928666525423994,0.7698891601665161,0.5770225076241167,0.12744700684611793,0.6892567287518389
cocoa,a,kge,RotatE,4,500,0.052250134011962567,0.7037421808912716,0.6514920468793091,1071474.0894000002,1644646.4612,0.1722971661009881,0.7698891601665161,0.5975919940655279,0.1728832253665874,0.6892567287518389
cocoa,a,nbfnet,NBFNet,0,500,0.11541538238041843,0.7037421808912716,0.5883267985108531,967589.5872000001,1644646.4612,0.18135481647074242,0.7698891601665161,0.5885343436957736,0.13523294789916157,0.6892567287518389
cocoa,a,nbfnet,NBFNet,1,500,0.14144632107149913,0.7037421808912716,0.5622958598197725,924777.8960000001,1644646.4612,0.20999668492749884,0.7698891601665161,0.5598924752390173,0.16026919585360433,0.6892567287518389
cocoa,a,nbfnet,NBFNet,2,500,0.09150708553508304,0.7037421808912716,0.6122350953561886,1006910.283,1644646.4612,0.19577603736190838,0.7698891601665161,0.5741131228046077,0.15233602923828188,0.6892567287518389
cocoa,a,nbfnet,NBFNet,3,500,0.11626999741967403,0.7037421808912716,0.5874721834715976,966184.0476,1644646.4612,0.1968492613361271,0.7698891601665161,0.5730398988303889,0.13828702360387873,0.6892567287518389
cocoa,a,nbfnet,NBFNet,4,500,0.11701315969122277,0.7037421808912716,0.5867290212000489,964961.8084000001,1644646.4612,0.20731000069654354,0.7698891601665161,0.5625791594699726,0.17113156708137878,0.6892567287518389
cocoa,b1,cpu,historical_logistic_structural,,50,0.6820243569952104,1.0,0.31797564300478964,13484.143799999998,42406.216,0.6087656674903953,0.9349453661125282,0.3261796986221329,0.7919765677748751,0.9251109554316282
cocoa,b1,cpu,upstream_capacity,,50,0.19465966498873657,1.0,0.8053403350112635,34151.4362,42406.216,0.6296384493746919,0.9349453661125282,0.30530691673783616,0.631900945842468,0.9251109554316282
cocoa,b1,kge,RotatE,0,50,0.5392098224467847,1.0,0.4607901775532153,19540.3678,42406.216,0.5656759290205755,0.9349453661125282,0.36926943709195265,0.7671824809834483,0.9251109554316282
cocoa,b1,kge,RotatE,1,50,0.5870386548990837,1.0,0.4129613451009163,17512.127999999997,42406.216,0.5741550758954049,0.9349453661125282,0.3607902902171231,0.7321644025017465,0.9251109554316282
cocoa,b1,kge,RotatE,2,50,0.6017768951608414,1.0,0.39822310483915857,16887.135000000002,42406.216,0.5343237863696338,0.9349453661125282,0.40062157974289436,0.5976078365492455,0.9251109554316282
cocoa,b1,kge,RotatE,3,50,0.5628661609420657,1.0,0.43713383905793435,18537.192000000003,42406.216,0.5842292152809886,0.9349453661125282,0.3507161508315396,0.7878642980076317,0.9251109554316282
cocoa,b1,kge,RotatE,4,50,0.5892213254773782,1.0,0.41077867452262185,17419.569199999998,42406.216,0.4855972002213086,0.9349453661125282,0.4493481658912196,0.6239022364079831,0.9251109554316282
cocoa,b1,nbfnet,NBFNet,0,50,0.41868047363622346,1.0,0.5813195263637765,24651.561400000002,42406.216,0.5608799097397466,0.9349453661125282,0.3740654563727816,0.7640068286215399,0.9251109554316282
cocoa,b1,nbfnet,NBFNet,1,50,0.6423482962969391,1.0,0.3576517037030609,15166.6554,42406.216,0.5135094108550409,0.9349453661125282,0.42143595525748717,0.5622134264467266,0.9251109554316282
cocoa,b1,nbfnet,NBFNet,2,50,0.5760971976372521,1.0,0.4239028023627479,17976.1138,42406.216,0.6354824393766986,0.9349453661125282,0.2994629267358296,0.7992169214060506,0.9251109554316282
cocoa,b1,nbfnet,NBFNet,3,50,0.38988124759822945,1.0,0.6101187524017706,25872.8276,42406.216,0.6461647890536166,0.9349453661125282,0.28878057705891147,0.7722248974065501,0.9251109554316282
cocoa,b1,nbfnet,NBFNet,4,50,0.39885814853180956,1.0,0.6011418514681904,25492.1512,42406.216,0.5793539027845128,0.9349453661125282,0.3555914633280152,0.6668561373172273,0.9251109554316282
cocoa,b2,cpu,gravity,,3,0.31103873450853714,0.9815480663038287,0.6705093317952915,31539.3026,42406.216,0.31103873450853714,0.9815480663038287,0.6705093317952915,0.2234453741404326,0.9671878151071059
cocoa,b2,cpu,historical_logistic_demand_gravity,,3,0.3473520960493599,0.9815480663038287,0.6341959702544686,31400.601199999997,42406.216,0.3473520960493599,0.9815480663038287,0.6341959702544686,0.22671615406571527,0.9671878151071059
cocoa,b2,cpu,processed_importer_demand,,3,0.20910267485710296,0.9815480663038287,0.7724453914467256,37649.8774,42406.216,0.20910267485710296,0.9815480663038287,0.7724453914467256,0.07934916899918634,0.9671878151071059
cocoa,b2,kge,RotatE,0,3,0.31671809558459185,0.9815480663038287,0.6648299707192368,28691.0572,42406.216,0.31671809558459185,0.9815480663038287,0.6648299707192368,0.29061112644429293,0.9671878151071059
cocoa,b2,kge,RotatE,1,3,0.40384433947496234,0.9815480663038287,0.5777037268288663,24872.832799999996,42406.216,0.40384433947496234,0.9815480663038287,0.5777037268288663,0.38065038861283923,0.9671878151071059
cocoa,b2,kge,RotatE,2,3,0.33999661739404047,0.9815480663038287,0.6415514489097881,24299.2636,42406.216,0.33999661739404047,0.9815480663038287,0.6415514489097881,0.3941759811816268,0.9671878151071059
cocoa,b2,kge,RotatE,3,3,0.3814997569137145,0.9815480663038287,0.6000483093901141,23984.516999999996,42406.216,0.3814997569137145,0.9815480663038287,0.6000483093901141,0.40159816192984543,0.9671878151071059
cocoa,b2,kge,RotatE,4,3,0.36452321459556325,0.9815480663038287,0.6170248517082653,23645.697,42406.216,0.36452321459556325,0.9815480663038287,0.6170248517082653,0.409588028321131,0.9671878151071059
cocoa,b2,nbfnet,NBFNet,0,3,0.3836682083584763,0.9815480663038287,0.5978798579453523,25854.0018,42406.216,0.3836682083584763,0.9815480663038287,0.5978798579453523,0.35751300233909106,0.9671878151071059
cocoa,b2,nbfnet,NBFNet,1,3,0.3853683692723764,0.9815480663038287,0.5961796970314521,24705.7584,42406.216,0.3853683692723764,0.9815480663038287,0.5961796970314521,0.384590244977293,0.9671878151071059
cocoa,b2,nbfnet,NBFNet,2,3,0.3578854119273431,0.9815480663038287,0.6236626543764855,26966.977,42406.216,0.3578854119273431,0.9815480663038287,0.6236626543764855,0.33126743494397143,0.9671878151071059
cocoa,b2,nbfnet,NBFNet,3,3,0.42040772491985684,0.9815480663038287,0.5611403413839718,25164.846999999998,42406.216,0.42040772491985684,0.9815480663038287,0.5611403413839718,0.3737642707852075,0.9671878151071059
cocoa,b2,nbfnet,NBFNet,4,3,0.35866740503515093,0.9815480663038287,0.6228806612686777,25294.9712,42406.216,0.35866740503515093,0.9815480663038287,0.6228806612686777,0.3706957536602653,0.9671878151071059
oilseed-soy,a,cpu,gravity,,500,0.08261582178127791,0.9530833458045351,0.8704675240232572,2269216.4928,2606893.9164,0.19063340421812536,0.9509722825432347,0.7603388783251095,0.14381656101976703,0.9060736688748215
oilseed-soy,a,cpu,historical_logistic_size_gravity,,500,0.20103314396610328,0.9530833458045351,0.7520502018384319,1960515.096,2606893.9164,0.1457945546644468,0.9509722825432347,0.8051777278787882,0.16827969931580758,0.9060736688748215
oilseed-soy,a,cpu,size,,500,0.28552569405198214,0.9530833458045351,0.667557651752553,1740251.9812,2606893.9164,0.12956589143763358,0.9509722825432347,0.8214063911056012,0.1711474182333168,0.9060736688748215
oilseed-soy,a,kge,RotatE,0,500,0.10135101729220485,0.9530833458045351,0.8517323285123303,2220375.8256,2606893.9164,0.23969631637897937,0.9509722825432347,0.7112759661642556,0.15075886798751365,0.9060736688748215
oilseed-soy,a,kge,RotatE,1,500,0.10344572170869332,0.9530833458045351,0.8496376240958419,2214915.1534,2606893.9164,0.20634486671112684,0.9509722825432347,0.744627415832108,0.160953404570997,0.9060736688748215
oilseed-soy,a,kge,RotatE,2,500,0.09623052085925685,0.9530833458045351,0.8568528249452783,2233724.4166,2606893.9164,0.2368583891510899,0.9509722825432347,0.714113893392145,0.1515584459016309,0.9060736688748215
oilseed-soy,a,kge,RotatE,3,500,0.09422302144891376,0.9530833458045351,0.8588603243556214,2238957.7546,2606893.9164,0.24923371509520426,0.9509722825432347,0.7017385674480306,0.17703307506939872,0.9060736688748215
oilseed-soy,a,kge,RotatE,4,500,0.0834838557222696,0.9530833458045351,0.8695994900822656,2266953.6204,2606893.9164,0.19620262240394187,0.9509722825432347,0.7547696601392928,0.13215534918112792,0.9060736688748215
oilseed-soy,a,nbfnet,NBFNet,0,500,0.2041489475471009,0.9530833458045351,0.7489343982574342,1952392.5266,2606893.9164,0.299062324332955,0.9509722825432347,0.6519099582102797,0.29336768803240126,0.9060736688748215
oilseed-soy,a,nbfnet,NBFNet,1,500,0.10084010037624559,0.9530833458045351,0.8522432454282896,2221707.7318,2606893.9164,0.2999442168118648,0.9509722825432347,0.6510280657313701,0.19110099205262773,0.9060736688748215
oilseed-soy,a,nbfnet,NBFNet,2,500,0.0954143175658991,0.9530833458045351,0.857669028238636,2235852.172,2606893.9164,0.28447520177766883,0.9509722825432347,0.6664970807655661,0.14483654452706365,0.9060736688748215
oilseed-soy,a,nbfnet,NBFNet,3,500,0.16402651842100865,0.9530833458045351,0.7890568273835264,2056987.443,2606893.9164,0.28109291302309586,0.9509722825432347,0.6698793695201389,0.22104585866530582,0.9060736688748215
oilseed-soy,a,nbfnet,NBFNet,4,500,0.1287784011800535,0.9530833458045351,0.8243049446244817,2148875.5454,2606893.9164,0.3050797814192307,0.9509722825432347,0.6458925011240042,0.23414915649614812,0.9060736688748215
oilseed-soy,b1,cpu,historical_logistic_structural,,50,0.9745250669207204,1.0000000000000002,0.025474933079279838,4406.611600000004,172978.3386,0.9040597450248927,0.952476493977414,0.04841674895252123,0.9790755095158489,0.9832262280729296
oilseed-soy,b1,cpu,upstream_capacity,,50,0.6662711755285643,1.0000000000000002,0.3337288244714359,57727.8576,172978.3386,0.6909932537006604,0.952476493977414,0.2614832402767536,0.2617172286796377,0.9832262280729296
oilseed-soy,b1,kge,CompGCN,0,50,0.9772053134981377,1.0000000000000002,0.02279468650186256,3942.987000000023,172978.3386,0.9127877189813393,0.952476493977414,0.039688774996074684,0.9810603210406832,0.9832262280729296
oilseed-soy,b1,kge,CompGCN,1,50,0.9799647364632512,1.0000000000000002,0.020035263536749004,3465.666599999997,172978.3386,0.8757506819443024,0.952476493977414,0.07672581203311173,0.9056961806199243,0.9832262280729296
oilseed-soy,b1,kge,CompGCN,2,50,0.9792705547467896,1.0000000000000002,0.020729445253210632,3585.7450000000244,172978.3386,0.8058375961158989,0.952476493977414,0.14663889786151516,0.6309324316750028,0.9832262280729296
oilseed-soy,b1,kge,CompGCN,3,50,0.9752278023093466,1.0000000000000002,0.02477219769065364,4285.053600000014,172978.3386,0.8300971762837823,0.952476493977414,0.12237931769363176,0.9024424518319428,0.9832262280729296
oilseed-soy,b1,kge,CompGCN,4,50,0.7052334054502245,1.0000000000000002,0.2947665945497757,50988.23580000001,172978.3386,0.83925380197133,0.952476493977414,0.11322269200608405,0.719565282031215,0.9832262280729296
oilseed-soy,b1,nbfnet,NBFNet,0,50,0.6811192566281246,1.0000000000000002,0.31888074337187566,55159.461200000005,172978.3386,0.7857847882657789,0.952476493977414,0.16669170571163522,0.6806613310829892,0.9832262280729296
oilseed-soy,b1,nbfnet,NBFNet,1,50,0.6219895188656878,1.0000000000000002,0.37801048113431246,65387.625,172978.3386,0.8055938950225572,0.952476493977414,0.1468825989548569,0.8308951442316606,0.9832262280729296
oilseed-soy,b1,nbfnet,NBFNet,2,50,0.6256681644414871,1.0000000000000002,0.3743318355585131,64751.299,172978.3386,0.8685515555550405,0.952476493977414,0.08392493842237363,0.8307086561415268,0.9832262280729296
oilseed-soy,b1,nbfnet,NBFNet,3,50,0.3723714825874736,1.0000000000000002,0.6276285174125267,108566.13820000002,172978.3386,0.7421856969226638,0.952476493977414,0.21029079705475026,0.2709191785473652,0.9832262280729296
oilseed-soy,b1,nbfnet,NBFNet,4,50,0.6054112326871431,1.0000000000000002,0.3945887673128571,68255.3094,172978.3386,0.6701433772504494,0.952476493977414,0.28233311672696476,0.4541741413164434,0.9832262280729296
oilseed-soy,b2,cpu,gravity,,3,0.14295415703332773,0.9879472640725278,0.8449931070392002,127772.56140000002,172978.33860000002,0.14295415703332773,0.9879472640725278,0.8449931070392002,0.21539621955878813,0.9540584268277855
oilseed-soy,b2,cpu,historical_logistic_demand_gravity,,3,0.16333104912257188,0.9879472640725278,0.824616214949956,149639.92640000003,172978.33860000002,0.16333104912257188,0.9879472640725278,0.824616214949956,0.08897943710508038,0.9540584268277855
oilseed-soy,b2,cpu,processed_importer_demand,,3,0.20864011246914035,0.9879472640725278,0.7793071516033876,106832.91900000002,172978.33860000002,0.20864011246914035,0.9879472640725278,0.7793071516033876,0.33644977209880544,0.9540584268277855
oilseed-soy,b2,kge,RGCN,0,3,0.0769474356700672,0.9879472640725278,0.9109998284024607,156888.12120000002,172978.33860000002,0.0769474356700672,0.9879472640725278,0.9109998284024607,0.047077110729054024,0.9540584268277855
oilseed-soy,b2,kge,RGCN,1,3,0.11729057677073726,0.9879472640725278,0.8706566873017906,103280.79120000002,172978.33860000002,0.11729057677073726,0.9879472640725278,0.8706566873017906,0.35698487394305445,0.9540584268277855
oilseed-soy,b2,kge,RGCN,2,3,0.1450784036749766,0.9879472640725278,0.8428688603975512,112432.4664,172978.33860000002,0.1450784036749766,0.9879472640725278,0.8428688603975512,0.30407839285375127,0.9540584268277855
oilseed-soy,b2,kge,RGCN,3,3,0.1385092526876782,0.9879472640725278,0.8494380113848498,124279.11220000002,172978.33860000002,0.1385092526876782,0.9879472640725278,0.8494380113848498,0.23559209626956146,0.9540584268277855
oilseed-soy,b2,kge,RGCN,4,3,0.1403200642563655,0.9879472640725278,0.8476271998161623,118629.01940000002,172978.33860000002,0.1403200642563655,0.9879472640725278,0.8476271998161623,0.26825568204410993,0.9540584268277855
oilseed-soy,b2,nbfnet,NBFNet,0,3,0.2471391639403994,0.9879472640725278,0.7408081001321286,103803.98660000003,172978.33860000002,0.2471391639403994,0.9879472640725278,0.7408081001321286,0.3539602443609086,0.9540584268277855
oilseed-soy,b2,nbfnet,NBFNet,1,3,0.2573383016273501,0.9879472640725278,0.7306089624451777,102600.96440000003,172978.33860000002,0.2573383016273501,0.9879472640725278,0.7306089624451777,0.3609150007178991,0.9540584268277855
oilseed-soy,b2,nbfnet,NBFNet,2,3,0.2378474776998352,0.9879472640725278,0.7500997863726927,104382.72280000002,172978.33860000002,0.2378474776998352,0.9879472640725278,0.7500997863726927,0.35061452948883853,0.9540584268277855
oilseed-soy,b2,nbfnet,NBFNet,3,3,0.24794487138113308,0.9879472640725278,0.7400023926913948,86979.85040000001,172978.33860000002,0.24794487138113308,0.9879472640725278,0.7400023926913948,0.45122176471175796,0.9540584268277855
oilseed-soy,b2,nbfnet,NBFNet,4,3,0.2702875623631319,0.9879472640725278,0.717659701709396,100307.81080000002,172978.33860000002,0.2702875623631319,0.9879472640725278,0.717659701709396,0.3741718837389735,0.9540584268277855
